-- phpMyAdmin SQL Dump
-- version 4.8.0
-- https://www.phpmyadmin.net/
--
-- Host: 127.0.0.1
-- Generation Time: Jun 10, 2018 at 06:41 PM
-- Server version: 10.1.31-MariaDB
-- PHP Version: 7.2.4

SET SQL_MODE = "NO_AUTO_VALUE_ON_ZERO";
SET AUTOCOMMIT = 0;
START TRANSACTION;
SET time_zone = "+00:00";


/*!40101 SET @OLD_CHARACTER_SET_CLIENT=@@CHARACTER_SET_CLIENT */;
/*!40101 SET @OLD_CHARACTER_SET_RESULTS=@@CHARACTER_SET_RESULTS */;
/*!40101 SET @OLD_COLLATION_CONNECTION=@@COLLATION_CONNECTION */;
/*!40101 SET NAMES utf8mb4 */;

--
-- Database: `koddomanda`
--

-- --------------------------------------------------------

--
-- Table structure for table `contacted`
--

CREATE TABLE `contacted` (
  `MID` int(11) NOT NULL,
  `Name` varchar(60) NOT NULL,
  `Email` varchar(60) NOT NULL,
  `Subject` varchar(255) DEFAULT NULL,
  `Message` text NOT NULL,
  `IsRead` tinyint(1) NOT NULL DEFAULT '0'
) ENGINE=InnoDB DEFAULT CHARSET=latin1;

--
-- Dumping data for table `contacted`
--

INSERT INTO `contacted` (`MID`, `Name`, `Email`, `Subject`, `Message`, `IsRead`) VALUES
(1, 'Sara', 'saraa@gmail.com', 'That\'s great', 'That\'s great!', 0),
(2, 'Kara', 'karas@gmail.com', 'Add more questions', 'Can u plz add more questions in C? HTML Color Picker - W3Schools\r\nhttps://www.w3schools.com/colors/colors_picker.asp\r\nhue, Hex, Rgb, Hsl. 0, #ff0000, rgb(255, 0, 0), hsl(0, 100%, 50%). 15, #ff4000, rgb(255, 64, 0), hsl(15, 100%, 50%). 30, #ff8000, rgb(255, 128, 0), hsl(30, 100%, ...\r\nColor Picker - Chrome Web Store\r\nhttps://chrome.google.com/.../color-picker/jcmgligingjhdnhdhgepemlckgcgmgaj?hl=e...\r\n Rating: 2.2 - ?1,340 votes - ?Free - ?Chrome', 0),
(3, 'Lala', 'lalalala@gmail.com', 'Akjgfcvgnm', 'Can u plz add more questions in C? uiajhszakbd', 0),
(4, 'Lalals', 'lalalala@gmail.com', 'Akjgfcvgnm', 'Can u plz add more questions in C? uiajhszakbd', 0),
(5, 'Tinga', 'lalalala@gmail.com', 'Akjgfcvgnm', 'Can u plz add more questions in C? uiajhszakbd', 0),
(6, 'Bowbow', 'doggybowbow@gmail.com', 'iufghj', 'qwertyup;lkjhgfdsazxnmm', 1);

-- --------------------------------------------------------

--
-- Table structure for table `feedback`
--

CREATE TABLE `feedback` (
  `FID` int(11) NOT NULL,
  `Name` varchar(60) NOT NULL,
  `Message` text NOT NULL,
  `IsRead` tinyint(1) NOT NULL DEFAULT '0'
) ENGINE=InnoDB DEFAULT CHARSET=latin1;

--
-- Dumping data for table `feedback`
--

INSERT INTO `feedback` (`FID`, `Name`, `Message`, `IsRead`) VALUES
(1, 'Lalaji', 'Nice.', 0);

-- --------------------------------------------------------

--
-- Table structure for table `langtags`
--

CREATE TABLE `langtags` (
  `QuesID` int(11) NOT NULL,
  `LangID` int(11) NOT NULL
) ENGINE=InnoDB DEFAULT CHARSET=latin1;

--
-- Dumping data for table `langtags`
--

INSERT INTO `langtags` (`QuesID`, `LangID`) VALUES
(1, 3),
(2, 3),
(3, 3),
(4, 3),
(5, 3),
(6, 3),
(7, 3),
(8, 3),
(9, 3),
(10, 3),
(11, 3),
(12, 3),
(13, 3),
(14, 3),
(15, 3),
(16, 3),
(17, 3),
(18, 3),
(19, 3),
(20, 3),
(21, 3),
(22, 3),
(23, 3),
(24, 3),
(25, 3),
(26, 3),
(27, 3),
(28, 3),
(29, 3),
(30, 3),
(31, 3),
(32, 3),
(33, 3),
(34, 3),
(35, 3),
(36, 3),
(37, 3),
(38, 3),
(39, 3),
(40, 3),
(41, 3),
(42, 3),
(43, 3),
(44, 3),
(45, 3),
(46, 3),
(47, 3),
(48, 3),
(49, 3),
(50, 3),
(51, 3),
(52, 3),
(53, 3),
(54, 3),
(55, 3),
(56, 2),
(57, 2),
(58, 2),
(59, 2),
(60, 2),
(61, 2),
(62, 2),
(63, 2),
(64, 2),
(65, 2),
(66, 2),
(67, 2),
(68, 2),
(69, 2),
(70, 2),
(71, 2),
(72, 2),
(73, 2),
(74, 2),
(75, 2),
(76, 2),
(77, 2),
(78, 2),
(79, 2),
(80, 2),
(81, 2),
(82, 2),
(83, 2),
(84, 2),
(85, 2),
(86, 2),
(87, 2),
(88, 2),
(89, 2),
(90, 2),
(91, 2),
(92, 2),
(93, 2),
(94, 2),
(95, 2),
(96, 2),
(97, 2),
(98, 2),
(99, 2),
(100, 2),
(101, 2),
(102, 2),
(103, 2),
(104, 2),
(105, 2),
(106, 2),
(107, 2),
(108, 2),
(109, 2),
(110, 2),
(111, 2),
(112, 2),
(113, 2),
(114, 2),
(115, 2),
(116, 2),
(117, 2),
(118, 2),
(119, 2),
(120, 2),
(121, 2),
(121, 3),
(122, 2),
(123, 2),
(124, 2),
(125, 2),
(126, 2),
(127, 2),
(128, 2),
(129, 2),
(130, 2),
(131, 2),
(132, 2),
(133, 2),
(134, 2),
(135, 2),
(136, 2),
(137, 2),
(138, 2),
(139, 2),
(140, 8),
(141, 8),
(142, 8),
(143, 8),
(144, 8),
(145, 8),
(146, 8),
(147, 8),
(148, 8),
(149, 8),
(150, 8),
(151, 8),
(152, 8),
(153, 8),
(154, 8),
(155, 8),
(156, 8),
(157, 8),
(158, 8),
(159, 8),
(160, 8),
(161, 8),
(162, 8),
(163, 8),
(164, 8),
(165, 8),
(166, 8),
(167, 8),
(168, 8),
(169, 8),
(170, 8),
(171, 8),
(172, 8),
(173, 8),
(174, 3),
(175, 3),
(176, 3),
(177, 3),
(178, 3),
(179, 3),
(180, 3),
(181, 3),
(182, 3),
(183, 3),
(184, 2),
(185, 2),
(186, 2),
(187, 2),
(188, 2),
(189, 2),
(190, 2),
(191, 3),
(192, 3),
(193, 3),
(194, 3),
(195, 3),
(196, 3),
(197, 3),
(198, 3),
(199, 3),
(200, 3),
(201, 3),
(202, 3),
(203, 3),
(204, 3),
(205, 2),
(206, 2),
(207, 2),
(208, 2),
(209, 2),
(210, 2),
(211, 2),
(212, 2),
(213, 3),
(214, 3),
(215, 3),
(216, 3),
(217, 2),
(218, 3),
(219, 3),
(220, 3),
(221, 2),
(222, 2),
(223, 2),
(224, 2),
(225, 2),
(226, 2),
(227, 2),
(228, 2),
(229, 2),
(230, 2),
(231, 2),
(232, 2),
(233, 2),
(234, 2),
(235, 2),
(236, 2),
(237, 2),
(238, 2),
(239, 2),
(240, 3);

-- --------------------------------------------------------

--
-- Table structure for table `languages`
--

CREATE TABLE `languages` (
  `LangID` int(11) NOT NULL,
  `LangName` varchar(20) NOT NULL,
  `LogoURL` varchar(50) NOT NULL
) ENGINE=InnoDB DEFAULT CHARSET=latin1;

--
-- Dumping data for table `languages`
--

INSERT INTO `languages` (`LangID`, `LangName`, `LogoURL`) VALUES
(1, 'C', 'logos/c.png'),
(2, 'Java', 'logos/java.png'),
(3, 'Python', 'logos/python.png'),
(4, 'HTML', 'logos/html.png'),
(5, 'CSS', 'logos/css.png'),
(6, 'Javascript', 'logos/js.png'),
(7, 'MySQL', 'logos/mysql.png'),
(8, 'PHP', 'logos/php.png');

-- --------------------------------------------------------

--
-- Table structure for table `questions`
--

CREATE TABLE `questions` (
  `QuesID` int(11) NOT NULL,
  `Question` longtext NOT NULL,
  `Opt1` text NOT NULL,
  `Opt2` text NOT NULL,
  `Opt3` text NOT NULL,
  `Opt4` text NOT NULL,
  `Ans` int(11) NOT NULL
) ENGINE=InnoDB DEFAULT CHARSET=latin1;

--
-- Dumping data for table `questions`
--

INSERT INTO `questions` (`QuesID`, `Question`, `Opt1`, `Opt2`, `Opt3`, `Opt4`, `Ans`) VALUES
(1, 'What type of the value does a function with a return statement \'return\' returns?', 'int', 'str', 'None', 'None of the above', 3),
(2, 'Which of the following are comments?\n&gt;&gt;&gt; # Comment 1\n&gt;&gt;&gt; s=\'# Comment 2\'', 'Comment 1', 'Comment 2', 'Both of them', 'None of them', 1),
(3, 'What is the value of the final expression?\n&gt;&gt;&gt; a=20\n&gt;&gt;&gt; b=34.33\n&gt;&gt;&gt; a*b+b**2\n1865.1488999999997\n&gt;&gt;&gt; b*b-_', '-435.1499999999999', '342.3333333333333', '-686.5999999999999', 'Error : _ not defined', 3),
(4, 'What is the value of the following:\n&gt;&gt;&gt; -5**2', '25', '-25', '32', '-32', 2),
(5, '&gt;&gt;&gt; \'She\\\'s Pretty\'\n&gt;&gt;&gt; print(\'She\\\'s Pretty\')\nIs the output same for the both the statements?', 'Yes', 'No', 'Maybe yes, maybe no', 'Error', 2),
(6, 'How to avoid the following problem:\n&gt;&gt;&gt; print(\'C:\\\\cs\\\\notepad\')\nC:\\\\cs\notepad', 'Using raw strings', 'Using \\\\\\\\', 'Can\'t solve the problem', 'Option 1 or 2', 4),
(7, 'What is the output of the following?\n&gt;&gt;&gt; print(\'\'\'A\\\\\nnB\'\'\')', 'A\\\\nB', 'A\nB', 'AnB', 'Error', 3),
(8, 'What is the output of the following?\n&gt;&gt;&gt; print(\'\'\'A\\\\\\\\\nnB\'\'\')', 'A\nB', 'A\\\\nB', 'A\\\\\nnB', 'A\n\nB', 3),
(9, 'What is the output of the following?\n&gt;&gt;&gt; print(&quot;\'&quot\nA&quot;\'&quot;)', 'A', '\nA', 'Error', 'Can\'t say', 3),
(10, '&gt;&gt;&gt; a=[3, 5, 2, 1]\nWhich of the following does produce an error?', 'a[len(a)]=4', 'a.append(4)', 'a+=[5]', 'a=5', 1),
(11, 'Which of the following doesn\'t produce an error?\n&gt;&gt;&gt; a=[1, 2, 3, 4, 5, 6]\ni. a[6:8]=5\nii. a[-1:-6]=[4]\niii. a[7:10]=[4]', 'i and ii', 'ii and iii', 'iii and i', 'i, ii and iii', 2),
(12, 'What is the output of the following:\n&gt;&gt;&gt; r\'C:\\\\users\\\\cse\'', '\'C:\\\\\\\\users\\\\\\\\cse\'', '\'C:\\\\users\\\\cse\'', 'C:\\\\users\\\\cse', 'C:\\\\\\\\users\\\\\\\\cse', 1),
(13, 'What is the output of the following?\n&gt;&gt;&gt; a=3\n&gt;&gt;&gt; for b in range(10):\n	if b*b&gt;100:\n		break\n	a+=3\nelse:\n	print(a)', '3', '33', '30', 'No output', 2),
(14, 'What is the output of the following?\n&gt;&gt;&gt; def fun(n):\n	if type(n) is str:\n		return &quot;str&quot;\n	elif type(n) is int:\n		return 1\n	elif type(n) is bool:\n		return True\n	return [\'Others\']\n&gt;&gt;&gt; fun(False)', 'Error', 'False', 'True', '[\'Others\']', 3),
(15, 'i. Table of built-in names\nii. Local symbol table of the enclosing functions\niii. Local symbol table\niv. Global symbol table\nIn which order does a variable reference look into?', 'i, ii, iii, iv', 'iv, i, iii, ii', 'iii, iv, i, ii', 'iii, ii, iv, i', 4),
(16, 'Which of the following statements about functions are true?', 'Can have only one or zero return type', 'Can have 2 or more return types', 'Must have one and only one return type', 'Options 1 and 2', 4),
(17, 'What is the output of the following?\r\n&gt;&gt;&gt; i=0\r\n&gt;&gt;&gt; while(i&lt;5):\r\n	i+=1\r\n	print(\'Hey\', end=\'-\'*i)', 'Hey-Hey--Hey---Hey----Hey-----', 'Hey-Hey-Hey-Hey-Hey-', 'Error', 'HeyHeyHeyHeyHey', 1),
(18, 'What is the output of the following?\r\n&gt;&gt;&gt; print(\'Coffee \'\'B\'\r\n	\'eans\' \'.\')', 'Coffee B\r\neans.', 'Coffee B\r\neans .', 'CoffeeBeans.', 'Coffee Beans.', 4),
(19, 'What is a method in Python?', 'Method is another name for a function', 'Method is a function that belongs to an object', 'There are no methods in python', 'Methods are those that have an object as their return type', 2),
(20, 'Which of the following statements is true?', 'len() is a method and append() is a function', 'len(), append() are functions', 'len() is a function and append() is a method', 'len(), append() are methods', 3),
(21, '&gt;&gt;&gt; i=1\r\n&gt;&gt;&gt; def f(a=i):\r\n	return a\r\n&gt;&gt;&gt; i=2\r\n&gt;&gt;&gt; def f(a=i):\r\n	return a\r\n&gt;&gt;&gt; i=3\r\n&gt;&gt;&gt; f()+f(i)', '5', '6', '4', 'None of the above', 1),
(22, '&gt;&gt;&gt; def shoeSize(s, othersizes=[]):\n	othersizes.append(s)\n	return othersizes\n&gt;&gt;&gt; print(shoeSize(8))\n[8]\nWhat is the output of shoeSize(9)?', '[9]', '[8, 9]', '[]', '[8]', 2),
(23, 'What is the output of the following?\r\n&gt;&gt;&gt; def person(name, gender=\'female\', agegroup=\'20\'):\r\n	return &quot;You &quot;+name+&quot;, a &quot;+gender+&quot; in &quot;+agegroup+&quot;\'s.&quot;\r\n&gt;&gt;&gt; person(\'male\', agegroup=\'10\')', 'Error', 'You male, a male in 10\'s.', 'You male, a female in 10\'s.', 'You male a male in 20\'s.', 3),
(24, '&gt;&gt;&gt; def person(name, gender=\'female\', agegroup=\'20\'):\n	return &quot;You &quot;+name+&quot;, a &quot;+gender+&quot; in &quot;+agegroup+&quot;\'s.&quot;\n&gt;&gt;&gt; person(\'&quot;Yura\', agegroup=\'10\')\nWhat is the output of the following?', '\'You &quot;Yura, a female in 10\'s.&quot;', '\'You &quot;Yura, a female in 10\'s.\'', '\'You &quot;Yura, a female in 10\\\\\'s.&quot;', '\'You &quot;Yura, a female in 10\\\\\'s.\'', 2),
(25, 'What is output of the following?\n&gt;&gt;&gt; def a(i, j=3, k={3:9}, *l, **m):\n	print(i, j, k)\n	print(l, m)\n&gt;&gt;&gt; a(6, 4, 10, -5, 8, {1:1, 2:4, 3:9})', '6 4 10\r\n(-5, 8, {1:1, 2:4, 3:9}) {}', '6 4 {3:9}\r\n(10, -5, 8) {1:1, 2:4, 3:9}', '6 4 {1:1, 2:4, 3:9}\r\n(10, -5, 8) {}', '6 3 {3:9}\r\n(4, 10, -5, 8) {1:1, 2:4, 3:9}', 1),
(26, 'How to print the documentation string in the following function?\r\n&gt;&gt;&gt; def docstring():\r\n	&quot;&quot;&quot;Summary.\r\n\r\nDetailed description in one or more paragraphs.&quot;&quot;&quot;\r\n&gt;&gt;&gt; d=docstring', 'd.doc', 'd.docstring', 'd._doc_', 'd.__doc__', 4),
(27, '&gt;&gt;&gt; def docstring():\r\n	&quot;&quot;&quot;Summary.\r\n\r\nDetailed description in one or more paragraphs.&quot;&quot;&quot;\r\n&gt;&gt;&gt; d=docstring\r\n&gt;&gt;&gt; d.__doc__', '\'Summary.\\\\n\\\\nDetailed description in one or more paragraphs.\'', 'Summary.\\\\n\\\\nDetailed description in one or more paragraphs.', 'Summary.\\\\\\\\n\\\\\\\\nDetailed description in one or more paragraphs.', '\'Summary.\\\\\\\\n\\\\\\\\nDetailed description in one or more paragraphs.\'', 4),
(28, 'In which data type are the annotations stored?', 'Tuple', 'List', 'Dictionary', 'Objects', 3),
(29, 'Which of the following statements doesn\'t produce an error when executed?', '&gt;&gt;&gt; def a(b:int, c:str=\'C\') -&gt; bool:\r\n	return True', '&gt;&gt;&gt; def a(b:int, c:str=\'C\') : bool:\r\n	return True', '&gt;&gt;&gt; def a(b-&gt;int, c-&gt;str=\'C\') -&gt; bool:\r\n	return True', '&gt;&gt;&gt; def a(b:int, c:str=\'C\'):\r\n	return:bool True', 1),
(30, 'What is the output of the following?\r\n&gt;&gt;&gt; def a(b:int, c:str=\'C\') -&gt; bool:\r\n	return True\r\n&gt;&gt;&gt; a.__annotations__', '{\'b\': &lt;class \'int\'&gt;, \'c\': &lt;class \'str\'&gt;, \'a\': &lt;class \'bool\'&gt;}', '{\'b\': &lt;class \'int\'&gt;, \'c\': &lt;class \'str\'&gt;, \'return\': &lt;class \'bool\'&gt;}', '{\'b\': &lt;class \'int\'&gt;, \'c\': &lt;class \'str\'&gt;, \'a()\': &lt;class \'bool\'&gt;}', 'None of the above', 2),
(31, 'Which of the following doesn\'t remove all the items from a list?\r\n&gt;&gt;&gt; a=[1, 2, 3, 4, 5]', '&gt;&gt;&gt; a.clear()', '&gt;&gt;&gt; del a[:]', '&gt;&gt;&gt; del a', 'None of the above', 3),
(32, 'Which of the following can be used to reverse sort the same list?\r\ni. a.sort(reverse=True)\r\nii. a.sort() and then a.reverse()\r\niii. a.sort() and reversed(a)', 'i, ii', 'ii, iii', 'i, iii', 'i, ii, iii', 1),
(33, 'Which of the following can be used to create a copy of a list?', 'a.copy()', 'a[:]', 'list(a)', 'All the above', 4),
(34, 'Which of the following codes can be used to produce \'a power a\'?\r\ni. list(map(lambda a:a**a, range(1, 6)))\r\nii. [i**i for i in range(1, 6)]\r\niii. a=[]\r\nfor i in range(1, 6):\r\n	a.append(i**i)', 'i, ii', 'ii, iii', 'iii, i', 'i, ii, iii', 4),
(35, 'What is the output of the following?\r\n&gt;&gt;&gt; [x, x*2 for x in range(6)]', '(0, 0), (1, 2), (2, 4), (3, 6), (4, 8), (5, 10)', '[(0, 0), (1, 2), (2, 4), (3, 6), (4, 8), (5, 10)]', 'Error', '[0, 1, 2, 3, 4, 5]', 3),
(36, 'What is the output of the following?\r\n&gt;&gt;&gt; t=([1, 1], [2, 4], [3, 9])\r\n&gt;&gt;&gt; t[0][1]=2\r\n&gt;&gt;&gt; t', '&lt;generator object &lt;genexpr&gt; at 0x000001BFB2AB8EB8&gt;', '([1, 1], [2, 4], [3, 9])', '([1, 2], [2, 4], [3, 9])', 'Error', 3),
(37, 'What is the output of the following?\r\n&gt;&gt;&gt; s=\'Cara\',\r\n&gt;&gt;&gt; len(s)', '4', '1', 'Error', 'None of the above', 2),
(38, 'Multiple assignments is just a combination of', 'tuple and sequence packing', 'tuple packing and sequence unpacking', 'tuple unpacking and sequence packing', 'tuple and sequence unpacking', 2),
(39, 'What is a set?', 'Unordered collection', 'No duplicates', 'Both 1 and 2', 'None of the above', 3),
(40, 'Which of the following are the correct ways to create a set?', 'set()', '{}', 'Both 1 and 2', 'None of the above', 1),
(41, 'The operations union, intersection, difference, symmetric difference can be done using what set of operators?', '| &amp; - ^', '&amp; | ^ -', '| - ^ &amp;', '| &amp; - ^', 4),
(42, 'Which of the following is equivalent to a^b where a and b are both sets?', '(a-b)|(b-a)', '(a|b)-(a&amp;b)', 'Both of them', 'None of them', 3),
(43, 'Which of the following returns an object?', '[x for x in range(5)]', '(x for x in range(5))', '{x for x in range(5)}', 'None of the above', 2),
(44, 'Which of the following ways can be used to create a dictionary?', '{}', 'dict()', 'Dict comprehensions', 'All the above', 4),
(45, 'Which of the following ways can be used to iterate a dictionary?\ni. for i, j in d:\n	print(i, j)\nii. for i in d:\n	print(i, d[i])\niii. for i, j in d.items():\n	print(i, j)', 'i, ii', 'ii, iii', 'iii, i', 'i, ii, iii', 2),
(46, 'What is the output of the following?\n&gt;&gt;&gt; s=&quot;A\\\\tB\\\\nC&quot;\n&gt;&gt;&gt; str(s)+repr(s)', '&quot;A\\\\tB\\\\nC\'A\\\\tB\\\\nC\'&quot;', '&quot;A\\\\tB\\\\nC\'A\\\\\\\\tB\\\\\\\\nC\'&quot;', '&quot;A\\\\tB\\\\nCA\\\\\\\\tB\\\\\\\\nC&quot;', '&quot;A\\\\tB\\\\nCA\\\\tB\\\\nC&quot;', 2),
(47, 'What is the output of the following?\n&gt;&gt;&gt; s=&quot;A\\\\tB\\\\nC&quot;\n&gt;&gt;&gt; print(str(s), repr(s))', 'A	B\nC \'A\\\\tB\\\\nC\'', 'A	B\nC \n\'A\\\\tB\\\\nC\'', 'A	B\nC\'A\\\\tB\\\\nC\'', 'A	B\nC A\\\\tB\\\\nC', 1),
(48, '&gt;&gt;&gt; x=5\r\n&gt;&gt;&gt; y=10\r\n&gt;&gt;&gt; print(x, y)\r\nWhich of the following is the output to the above code?', '510', '\'510\'', '5 10', 'Error', 3),
(49, '&gt;&gt;&gt; d={\'A\':65, \'B\':66, \'C\':67}\nWhich of the following options produces the below output?\n65 66 67', '&gt;&gt;&gt; print(\'{0[A]} {0[B]} {0[C]}\'.format(d))', '&gt;&gt;&gt; print(\'{A} {B} {C}\'.format(**d))', 'Both of them', 'None of them', 3),
(50, 'What is the output of the following?\n&gt;&gt;&gt; d={\'A\':65, \'B\':66, \'C\':67}\n&gt;&gt;&gt; print(\'{} {} {}\'.format(**d))', '65 66 67', 'A B C', 'A:65 B:65 C:67', 'Error', 4),
(51, 'Which of the following statements give the below output?\r\n5 5.500000 5', 'print(\'%d %f %s\'%(5, 5.5, \'5\'))', 'print(\'%d %f %s\'%5, 5.5, \'5\')', 'Both of them', 'None of them', 1),
(52, 'Which of the following ways can be used to close a file?', 'f.close()', 'with', 'try-finally', 'All of them', 4),
(53, 'What happens if an image file is read and written in text mode?', 'Read and write takes place similar to that of text files', 'Read and write takes place, but the image is corrupted', 'Error occurs', 'Option 2 and 3', 4),
(54, 'Which of the following can\'t be used to store the file contents?', 'list', 'tuple', 'set', 'All of them', 3),
(55, 'f.seek(offset, from_what)\r\nWhat values of from_what means the following statements in sequence i, ii and iii?\r\ni. From the beginning of the file\r\nii. From the end of the file\r\niii. From the current position', '0 1 2', '0 2 1', '1 2 0', '2 1 0', 2),
(56, 'Find the odd one out.', 'Overloading', 'Run-time polymorphism', 'Compile-time polymorphism', 'Static binding', 2),
(57, 'Find the odd one out.', 'Run-time polymorphism', 'Overriding', 'Static binding', 'Dynamic binding', 3),
(58, 'What is the output of the following program?\npublic class Concat{\n      public static void main(String []args){\n            System.out.println(concat(&quot;H&quot;, 1));\n      }\n      static String concat(String s, String t)    {\n            return concat(s+t, t+s, t);\n      }\n      static String concat(String s, String t, String u)  {\n            return s+t+u;\n      }\n      static String concat(String s, int t)   {\n            return concat(s+t, s);\n      }\n}', 'H1HHH1H', 'H1H1H1H', 'H1H11HH', 'H1H1H11H', 1),
(59, 'public class AClass{\r\n      int x, y;\r\n      AClass(int x, int y)    {\r\n            this.x=x;\r\n            this.y=y;\r\n      }\r\n      static void method2(AClass a)  {\r\n            a.x/=2;\r\n            a.y*=3;\r\n      }\r\n      static void method1(int x, int y) {\r\n            x/=2;\r\n            y/=2;\r\n      }\r\n}\r\nWhich method should be used for pass by value and pass by reference respectively?', 'method1 method1', 'method1 method2', 'method2 method1', 'method2 method2', 2),
(60, 'What is the output of the following?\r\npublic class AClass     {\r\n      public static void main(String []args)    {\r\n            System.out.println(N(4));\r\n      }\r\n      static int N(int n)     {\r\n            if(n&gt;40)    return n;\r\n            return N(n|(n*2));\r\n      }\r\n}', '41', '45', '50', '60', 4),
(61, 'What is a method\'s signature?', 'Method\'s name and parameter types', 'Method\'s name and parameter names', 'Method\'s type and parameter types', 'Method\'s type and parameter names', 1),
(62, 'What is the output of the following?\r\npublic class AClass     {\r\n      static public void main(String []args)    {\r\n            System.out.println(&quot;Hai&quot;);\r\n      }\r\n}', 'Hai', 'Error', 'Both of them', 'None of them', 1),
(63, 'Code (ClassA.java):\r\nclass AClass     {\r\n      public static void main(String []args)    {\r\n            System.out.println(&quot;Hai&quot;);\r\n      }\r\n}\r\nExecution :\r\n&gt; javac ClassA.java\r\n&gt;java AClass', 'Error', 'Hai', '(Empty)', 'None of the above', 2),
(64, 'Which of the following is an argument for the main method?\r\ni. String[] args\r\nii. String args[]\r\niii. String... args\r\niv. String []args', 'i, ii, iii', 'i, ii, iv', 'i, iii, iv', 'i, ii, iii, iv', 4),
(65, 'public class AClass     {\r\n      public static void main(String[] args)    {\r\n            new AClass().M(10);\r\n      }\r\n      AClass()    {\r\n            System.out.print(&quot;C &quot;);\r\n      }\r\n      void M(int n)     {\r\n            if(n&lt;0)    return;\r\n            System.out.print(n+&quot; &quot;);\r\n            N(n*2);\r\n      }\r\n      void N(int m)     {\r\n            if(m&lt;5)     return;\r\n            System.out.print(m+&quot; &quot;);\r\n            M(m/3);\r\n      }\r\n}', 'C 10 20 6 12 4 8 2', 'C 10 20 C 6 12 C 4 8 C 2', 'C 10 C 20 C 6 C 12 C 4 C 8 C 2', 'None of the above', 1),
(66, 'What is the output of the following program?\r\npublic class C {\r\n      public static void main(String []args)     {\r\n            System.out.println(C.v); \r\n      }\r\n      static      {\r\n            C.v=C.v+2*(C.v-5)-C.v/2;\r\n      }\r\n      static int v=24;\r\n      static      {\r\n            C.v/=4;\r\n      }\r\n}', '10', '-10', '6', '-6', 3),
(67, 'What is the output of the following program?\npublic class C {\n      public static void main(String []args)     {\n            System.out.println(C.a);\n      }\n      static      {      C.a+=10;      }\n      static      {     C.a*=10;    }\n      static      {     C.a-=10;    }\n      static      {     C.a/=10;    }\n}', '0', '9', '10', 'Error', 4),
(68, 'What is the output of the following program?\npublic class C {\n      static int a=0;\n      public static void main(String []args)     {\n            System.out.println(C.a);\n      }\n      static      {      C.a+=10;      }\n      static      {     C.a*=10;    }\n      static      {     C.a-=10;    }\n      static      {     C.a/=10;    }\n}', '0', '9', '10', 'Error', 2),
(69, 'What is the output of the following program?\r\npublic class C {\r\n      static int a=0;\r\n      public static void main(String []args)     {\r\n            C.m();\r\n            m();\r\n            System.out.println(C.a);\r\n      }\r\n      static      {      C.a+=10;      }\r\n      static int m()    {\r\n            return C.a*=8;\r\n      }\r\n}', 'Error', '640', '720', '80', 2),
(70, 'Find the output of the below program?\npublic class C {\n      static int a=0;\n      public static void main(String []args)     {\n            m();\n            System.out.println(a);\n      }\n      int m()    {\n            return a*-5;\n      }\n}', 'Error', '0', '-5', '(No Result)', 1),
(71, 'Which of the following have same precedence?\r\ni. Static variables.\r\nii. Static methods.\r\niii. Static blocks.', 'i, ii', 'i, iii', 'ii, iii', 'i, ii, iii', 2),
(72, 'Which of the following keywords can\'t be used with static variables and methods?', 'this', 'super', 'Both of them', 'None of them', 3),
(73, 'public class C {\n      static int a=10;\n      public static void main(String []args)     {\n            new C().m();\n            System.out.println(a);\n      }\n      int m()    {\n            return a*-5;\n      }\n}\nWhat is the output?', '-50', '10', '5', 'Error', 1),
(74, 'public class C {\n      final int a;\n      C()   {\n            a=10;\n      }\n      public static void main(String []args)     {\n            C c=new C();\n            System.out.println(c.a);\n      }\n}\nWhat is the output?', 'Error', '10', '0', 'None of the above', 2),
(75, 'public class C {\r\n      final static int a;\r\n      C()   {\r\n            a=10;\r\n      }\r\n      public static void main(String []args)     {\r\n            C c=new C();\r\n            System.out.println(c.a);\r\n      }\r\n}\r\nWhat is the output?', 'Error', '10', '0', 'None of the above', 1),
(76, 'public class C {\n      public static void main(String []args)     {\n            final int A=0;\n            System.out.println(A/=10);\n      }\n}\nWhat of the following options is the result for the above program?', 'error: cannot assign a value to final variable A', 'error: cannot use final in method main', '0', 'None of them', 1),
(77, 'In which sequence does 1, 2, 3 print in the following program (if no error is produced)?\r\npublic class C {\r\n      static      {     System.out.print(1);    }\r\n      public static void main(final String []args)     {\r\n            System.out.print(2);\r\n      }\r\n      static      {     System.out.print(3);    }\r\n}', 'Error', '123', '132', '213', 3),
(78, 'What is the output of the following?\npublic class C {\n      public static void main(String []args)     {\n            for(int i=0;  i &lt; args.length; i++)\n                  System.out.println(args[i]);\n      }\n}\nExecution &gt;java C This is a command line arg.', 'This is a command line arg.', 'This\r\nIs\r\nA\r\nCommand\r\nLine\r\nArg.', 'This\r\nis\r\na\r\ncommand\r\nline\r\narg.', '(No output)', 3),
(79, 'What is the other name for the method that take varargs?\r\ni. Variable-arity method\r\nii. Varargs method\r\niii. Simple method', 'i, ii', 'ii, iii', 'i, iii', 'All of them', 1),
(80, 'public class Add {\r\n      Add(int... x) {\r\n            int s=0;\r\n            for(int i=0; i&lt;x.length; i++) s+=x[i];\r\n            System.out.println(s);\r\n      }\r\n      public static void main(String []args)     {\r\n            new Add(3, -2, 5, 10, -8);\r\n      }\r\n}', 'error: cannot use varargs in a constructor', '8', 'error: in Add(int... x) {\r\n                            ^', 'None of them', 2),
(81, 'Which of the following statements are true?', 'Varargs method can be overloaded', 'Varargs method can be overloaded by non-varargs methd', 'Both of them', 'None of them', 1),
(82, 'Which types of inheritance does the java classes no support?', 'Single and multi-level inheritance', 'Single and hierarchy inheritance', 'Multiple and Hybrid inheritance', 'Multiple and multi-level inheritance', 3),
(83, 'What is the output?\r\nclass SC	{\r\n	int a;\r\n	SC(int a)	{	System.out.println((this.a-=3));	}\r\n}\r\npublic class C extends SC	{\r\n	int a;\r\n	C(int a)	{\r\n		super((a+=2));\r\n		System.out.println((this.a=a)+super.a);\r\n	}\r\n	public static void main(String arg[])	{\r\n		new C(4);\r\n	}\r\n}', '3\r\n3', '3\r\n-3', '-3\r\n3', '-3\r\n-3', 3),
(84, 'Which class does a class inherit if it does not explicitly inherit another class?', 'Does not inherit any class', 'Object', 'System', 'Class', 2),
(85, 'What is the output of the following?\r\nclass SC	{\r\n	SC()	{	System.out.println(&quot;SC&quot;);	}\r\n}\r\npublic class C extends SC	{\r\n	C()	{	System.out.println(&quot;C&quot;);	}\r\n	public static void main(String arg[])	{\r\n		new C();\r\n	}\r\n}', 'SC\r\nC', 'C\r\nSC', 'SC', 'C', 1),
(86, 'public class C	{\n	C()	{	this(true);System.out.println(&quot;C&quot;);	}\n	C(int a)	{	this();System.out.println(&quot;C&quot;+a);	}\n	C(boolean a)	{	this(10);System.out.println(&quot;C&quot;+a);	}\n	public static void main(String arg[])	{\n		new C();\n	}\n}\nWhat is the output?', '(Infinite loop and prints nothing)', 'CC10CtrueCC10Ctrue......', 'error: recursive constructor invocation', 'None of these', 3),
(87, 'Which of the following options is the output for the below code?\nclass SC    {\n    SC()    {   System.out.println(&quot;SC&quot;);   }\n}\npublic class C extends SC  {\n    C(int a)    {   System.out.println(a);  }\n     public static void main(String []args) {\n        new C(6);\n     }\n}', 'SC\n6', 'SC', '6', 'Error', 1),
(88, 'What is the output of the following?\r\nclass SC    {\r\n    SC(int a)    {   System.out.println(&quot;SC&quot;);   }\r\n}\r\npublic class C extends SC  {\r\n    C()    {   System.out.println(&quot;C&quot;);  }\r\n     public static void main(String []args) {\r\n        new C();\r\n     }\r\n}', 'SC\r\nC', 'C', 'SCC', 'Error', 4),
(89, 'What is the output of the following?\r\nclass SC    {\r\n    SC(int a)    {   System.out.print(&quot;SC&quot;+a);   }\r\n}\r\npublic class C extends SC  {\r\n    C()    {   this(6);System.out.print(&quot;C&quot;);  }\r\n    C(int a)    {   super(6);System.out.print(&quot;C&quot;+a);  }\r\n     public static void main(String []args) {\r\n        new C();\r\n     }\r\n}', 'SC6CC6', 'CSC6C6', 'CSCC66', 'SC6C6C', 4),
(90, 'What is the output for the following code?\r\nclass SC    {\r\n    SC(int a)    {   System.out.print(&quot;SC&quot;+a);   }\r\n}\r\npublic class C extends SC  {\r\n    C()    {   this(6);System.out.print(&quot;C&quot;);  }\r\n    C(int a)    {   System.out.print(&quot;C&quot;+a);  }\r\n     public static void main(String []args) {\r\n        new C();\r\n     }\r\n}', 'SC6C6C', 'CC6SC6', 'SCCC66', 'Error', 4),
(91, 'What is the output of the following program?\r\nclass SC    {\r\n    SC(int a)    {   System.out.print(&quot;SC&quot;+a);   }\r\n}\r\npublic class C extends SC  {\r\n    C(int a)    {   super(a+5);System.out.print(&quot;C&quot;+a);  }\r\n    C()    {   System.out.print(&quot;C&quot;);  }\r\n     public static void main(String []args) {\r\n        new C(6);\r\n     }\r\n}', 'SC11C6', 'C6SC11', 'SC6C6', 'Error', 4),
(92, 'What is the output?\r\nclass SC1    {  int a=10;   }\r\nclass SC2 extends SC1   {   int a=20;   }\r\npublic class C extends SC2  {\r\n     public static void main(String []args) {\r\n        System.out.println(new C().a);\r\n     }\r\n}', '20', '10', '0', 'Error', 1),
(93, 'Which of the following can\'t be overridden?\ni. Constructors\nii. Methods\niii. Variables', 'i, ii', 'ii, iii', 'iii, i', 'i, ii, iii', 3),
(94, 'What is the output for the following?\r\nclass A {\r\n    int v=10;\r\n    void m()    {   System.out.print(v+&quot; &quot;);    }\r\n}\r\nclass B extends A {\r\n    int v=20;\r\n    void m()    {   System.out.print(v+&quot; &quot;);    }\r\n}\r\nclass C extends A   {\r\n    int v=30;\r\n    void m()    {   System.out.println(v);    }\r\n}\r\npublic class D  {\r\n    public static void main(String args[])  {\r\n        A a=new A(), b=new B(), c=new C();\r\n        a.m();\r\n        b.m();\r\n        c.m();\r\n        System.out.println(a.v+&quot; &quot;+b.v+&quot; &quot;+c.v);\r\n    }\r\n}', '10 20 30\r\n10 20 30', '10 10 10\r\n10 10 10', '10 20 30\r\n10 10 10', '10 10 10\r\n10 20 30', 3),
(95, 'Can you use default keyword for methods in an abstract class and an interface?', 'Yes, Yes', 'No, Yes', 'Yes, No', 'No, No', 2),
(96, 'Is there any error in the below program? If not what is the output?\r\nabstract class A    {\r\n    A() {   System.out.println(&quot;A&quot;);   }\r\n    abstract void color();\r\n}\r\n\r\npublic class B extends A  {\r\n    B() {   System.out.println(&quot;B&quot;);    }\r\n    public static void main(String args[])  {\r\n        new B();\r\n    }\r\n    void color()    {}\r\n}', 'B', 'A\r\nB', 'A', 'Error', 2),
(97, 'Which of the following must be the first statement in a constructor if this() or super() is used?', 'this()', 'super()', 'Any of them', 'Any of them, but not both of them', 4),
(98, 'What is the output of the following?\r\nabstract class A    {\r\n    A() {   System.out.println(&quot;A&quot;);   }\r\n    A(int a)    {   System.out.println(&quot;A&quot;+a);    }\r\n    abstract void color();\r\n}\r\n\r\npublic class B extends A  {\r\n    B() {   \r\n        super(20*5/10);\r\n        System.out.println(&quot;B&quot;);    }\r\n    B(int b)    {\r\n        this();\r\n        System.out.println(&quot;B&quot;+b);  \r\n    }\r\n    public static void main(String args[])  {\r\n        new B(20);\r\n    }\r\n    void color()    {}\r\n}', 'A\r\nA10\r\nB\r\nB20', 'A10\r\nB\r\nB20', 'A10\r\nB20', 'Error', 2),
(99, 'What is the output?\r\nabstract class A    {\r\n    A() {   System.out.println(&quot;A&quot;);   }\r\n    A(int a)    {   System.out.println(&quot;A&quot;+a);    }\r\n    abstract void color();\r\n}\r\n\r\npublic class B extends A  {\r\n    B() {\r\n        System.out.println(&quot;B&quot;);    }\r\n    B(int b)    {\r\n        this();\r\n        System.out.println(&quot;B&quot;+b);  \r\n    }\r\n    public static void main(String args[])  {\r\n        new B(20);\r\n    }\r\n    void color()    {}\r\n}', 'A\r\nB\r\nB20', 'A10\r\nB\r\nB20', 'A\r\nA10\r\nB\r\nB20', 'Error', 1),
(100, 'What is the output of the following?\r\nabstract class A    {\r\n    A() {   System.out.println(&quot;A&quot;);   }\r\n    A(int a)    {   System.out.println(&quot;A&quot;+a);    }\r\n    abstract void color();\r\n}\r\n\r\npublic class B extends A  {\r\n    B() {   System.out.println(&quot;B&quot;);    }\r\n    B(int b)    {   System.out.println(&quot;B&quot;+b);  }\r\n    public static void main(String args[])  {\r\n        new B(20).color();\r\n    }\r\n    void color()    {\r\n        super.color();\r\n        System.out.println(&quot;C&quot;);\r\n    }\r\n}', 'B20\r\nC', 'B20\r\nerror: abstract method color() in A cannot be accessed directly', 'error: abstract method color() in A cannot be accessed directly', 'error: method color() is abstract', 3),
(101, 'What is the output of the following?\nabstract class A    {\n    A() {   System.out.println(&quot;A&quot;);   }\n    A(int a)    {   System.out.println(&quot;A&quot;+a);    }\n    abstract void color();\n}\n\npublic class B extends A  {\n    B() {   System.out.println(&quot;B&quot;);    }\n    B(int b)    {   System.out.println(&quot;B&quot;+b);  }\n    public static void main(String args[])  {\n        new B(20).color();\n    }\n    void color()    {\n        System.out.println(&quot;C&quot;);\n    }\n    void color(String c)    {\n        System.out.println(c);\n    }\n}', 'A\r\nA10\r\nB20\r\nC', 'A10\r\nB20\r\nC', 'A\r\nB20\r\nC', 'None of these', 3),
(102, 'Which of the following are the uses of final keyword?\r\ni. To define constants\r\nii. To prevent overriding\r\niii. To prevent inheritance', 'i, ii', 'ii, iii', 'i, iii', 'i, ii, iii', 4),
(103, 'A : Java resolves calls to methods dynamically, at run time.\r\nB : A call to one can be resolved at compile time for final methods.\r\nWhat is A and B?', 'Late binding and early binding', 'Both are late binding', 'Both are early binding', 'Early binding and late binding', 1),
(104, 'abstract class A    {\n    abstract private void color(String s);\n}\npublic class B extends A  {\n    void color(String s)    {\n        System.out.println(&quot;Color : &quot;+s);\n    }\n    public static void main(String args[])  {\n        new B().color(&quot;Maroon&quot;);\n    }\n}\nWhat is the output of the following?', 'Marron', 'Color : Maroon', '(No output)', 'Error', 4),
(105, 'abstract class A    {\r\n    abstract void color(String s);\r\n}\r\npublic class B extends A  {\r\n    private void color(String s)    {\r\n        System.out.println(&quot;Color : &quot;+s);\r\n    }\r\n    public static void main(String args[])  {\r\n        new B().color(&quot;Maroon&quot;);\r\n    }\r\n}\r\nWhat is  reason for the error in the above program?', 'Attempting to assign weaker access privileges to method in B', 'Attempting to assign stronger access privileges to method in B', 'Different modifiers', 'No error', 1),
(106, 'What is the output?\r\ninterface A    {\r\n    void color(String s);\r\n}\r\npublic class B implements A  {\r\n    void color(String s)    {\r\n        System.out.println(&quot;Color : &quot;+s);\r\n    }\r\n    public static void main(String args[])  {\r\n        new B().color(&quot;Maroon&quot;);\r\n    }\r\n}', 'Maroon', 'Color : Maroon', 'Error : Attempting to assign weaker access privileges', 'None of these', 3),
(107, 'Code :\r\npublic interface A    {\r\n    void color(String s);\r\n}\r\nExecution :\r\n&gt; javac A.java\r\n&gt; javap A\r\nWhat is the output?', 'Compiled from &quot;A.java&quot;\r\npublic interface A {\r\n  public abstract void color(java.lang.String);\r\n}', 'Compiled from &quot;A.java&quot;\r\npublic interface A {\r\n  public void color(java.lang.String);\r\n}', 'Compiled from &quot;A.java&quot;\r\npublic interface A {\r\n  public abstract void color(java.lang.String);\r\n}', 'Compiled from &quot;A.java&quot;\r\npublic interface A {\r\n  abstract void color(java.lang.String);\r\n}', 3),
(108, 'What is the default modifiers for a method in an interface?', 'private and static', 'public and abstract', 'public and static', 'protected and abtract', 2),
(109, 'A : Any no. of classes can implement an interface.\r\nB : Any no. of interfaces a class can implement.\r\nWhich of them are true?', 'A', 'B', 'A and B', 'None', 3),
(110, 'Which of the following modifiers can\'t be used for abstract methods in an interface?\r\ni. Protected\r\nii. Private', 'i', 'ii', 'i, ii', 'None of them', 3),
(111, 'Code :\ninterface A    {\n    default void color(String s)    {\n        System.out.println(&quot;Color of the shirt : &quot;+s);\n    }\n}\nExecution :\n&gt; javac A.java\n&gt; javap A\nWhat is the output?', 'Compiled from &quot;A.java&quot;\ninterface A {\n  public default void color(java.lang.String);\n}', 'Compiled from &quot;A.java&quot;\ninterface A {\n  public void color(java.lang.String);\n}', 'Compiled from &quot;A.java&quot;\ninterface A {\n  public abstract void color(java.lang.String);\n}', 'None of these', 2),
(112, 'An interface can be declared a member of a class or another interface. Such an interface is called a ____________________.', 'Member interface', 'Nested interface', 'Both of them', 'None of them', 3),
(113, 'What is the output?\r\ninterface A    {\r\n    default void color(String s)    {\r\n        System.out.println(&quot;Color of the shirt : &quot;+s);\r\n    }\r\n    interface C {\r\n        default int add(int a, int b)   {\r\n            return a+b;\r\n        }\r\n    }\r\n}\r\npublic class B implements A, A.C  {\r\n    public void color(String s)    {\r\n        System.out.println(&quot;Color : &quot;+s);\r\n    }\r\n    public static void main(String args[])  {\r\n        new B().color(&quot;Maroon&quot;);\r\n        System.out.println(new B().add(2, 5));\r\n    }\r\n}', 'Maroon\r\n7', 'error :\r\npublic class B implements A, A.C  {\r\n                                                   ^', 'error :\r\n interface C {\r\n^', 'None of these', 1),
(114, 'interface A    {\r\n    default void color(String s)    {\r\n        System.out.println(&quot;Color of the shirt : &quot;+s);\r\n    }\r\n}\r\npublic class B implements A {\r\n    public void color(String s)    {\r\n        System.out.println(&quot;Color : &quot;+s);\r\n    }\r\n    public static void main(String args[])  {\r\n        B b=new B();\r\n        b.color(&quot;Cream&quot;);\r\n        A a=b;\r\n        a.color(&quot;Lavender&quot;);\r\n    }\r\n}\r\nWhat is the output?', 'Color : Cream\r\nColor : Lavender', 'Color : Lavender\r\nColor : Cream', 'Color : Cream\r\nColor of the shirt : Lavender', 'Color : Lavender\r\nColor of the shirt : Cream', 1),
(115, 'Which of the following are illegal pair of combination of modifiers?\r\ni. default and abstract\r\nii. final and abstract\r\niii. static and abstract\r\niv. default and static', 'i, ii, iii', 'ii, iii, i', 'i, iii, iv', 'i, ii, iii, iv', 4),
(116, 'What is the output for &gt; javap A command?\r\ninterface A    {\r\n    int a=10;\r\n}', 'Compiled from &quot;A.java&quot;\r\ninterface A {\r\n  public final int a;\r\n}', 'Compiled from &quot;A.java&quot;\r\ninterface A {\r\n  public static int a;\r\n}', 'Compiled from &quot;A.java&quot;\r\ninterface A {\r\n  public int a;\r\n}', 'Compiled from &quot;A.java&quot;\r\ninterface A {\r\n  public static final int a;\r\n}', 4),
(117, 'What is the output for the command for &gt; javap A$B ?\r\ninterface A    {\r\n    int a=10;\r\n	class B	{}\r\n}', 'Compiled from &quot;A.java&quot;\r\npublic class A$B {\r\n  public A$B();\r\n}', 'Compiled from &quot;A.java&quot;\r\nclass A$B {\r\n  public A$B();\r\n}', 'Compiled from &quot;A.java&quot;\r\npublic class A$B {\r\n  A$B();\r\n}', 'Compiled from &quot;A.java&quot;\r\nclass A$B {\r\n  A$B();\r\n}', 1),
(118, 'A.java :\r\npublic interface A    {\r\n    int a=10;\r\n	class C 	{	\r\n		C()	{	System.out.println(&quot;C&quot;);	}\r\n	}\r\n}\r\nB.java :\r\npublic class B extends ? implements A {\r\n    public static void main(String args[])  {\r\n        new B();\r\n    }\r\n}\r\nWhich of the following must be replace ? in the above program?', 'A$C', 'A.C', 'C', 'None of these', 1),
(119, 'A.java :\r\npublic interface A    {\r\n    int a=10;\r\n	interface C 	{	\r\n	}\r\n}\r\nB.java :\r\npublic class B implements A, _ {\r\n    public static void main(String args[])  {}\r\n}\r\nWhich of the following can replace _?', 'A$C', 'A.C', 'Both of them', 'None of them', 2),
(120, 'What is the output for the following program?\r\ninterface A    {\r\n    default void m()    {   System.out.println(&quot;a&quot;);    }\r\n}\r\ninterface AA extends A    {\r\n    default void m()    {   System.out.println(&quot;aa&quot;);    }\r\n}\r\ninterface AAA extends AA    {\r\n    default void m()    {   System.out.println(&quot;aaa&quot;);    }\r\n}\r\npublic class B implements AAA {\r\n    public static void main(String args[])  {\r\n        B b=new B();\r\n        b.m();\r\n        AAA aaa=b;\r\n        aaa.m();\r\n        AA aa=b;\r\n        aa.m();\r\n        A a=b;\r\n        a.m();\r\n    }\r\n}', 'aaa\r\naaa\r\naa\r\na', 'a\r\na\r\naa\r\naaa', 'aaa\r\naaa\r\naaa\r\naaa', 'a\r\naaa\r\naa\r\na', 3),
(121, 'Multiple inheritance is possible for which of the following?\r\ni. Python classes\r\nii. Java classes\r\niii. Java interfaces', 'i, ii', 'ii, iii', 'iii, i', 'i, ii, iii', 1),
(122, 'Default method is also known as ____?', 'Extension method', 'Abstract method', 'Both of them', 'None of them', 1),
(123, 'Difference between an interface and a class is ____?\ni. Can maintain state information\nii. Cannot maintain state information', 'i and ii', 'ii and i', 'No difference', 'i and ii doesn\'t differentiate interfaces and classes', 2),
(124, 'When static methods are inherited by a subclass and are redefined, are they hidden or overridden?', 'Hidden', 'Overridden', 'Both of them', 'None of them', 1),
(125, 'What is the output if &gt; javap A is executed?\r\ninterface A    {\r\n    static void print()	{}\r\n}', 'Compiled from &quot;A.java&quot;\r\ninterface A {\r\n  public static void print();\r\n}', 'Compiled from &quot;A.java&quot;\r\ninterface A {\r\n  static void print();\r\n}', 'Compiled from &quot;A.java&quot;\r\ninterface A {\r\n  public final static void print();\r\n}', 'Error', 1),
(126, 'Can interface contain ____ beginning with JDK 9?\r\ni. private static methods\r\nii. private abstract methods', 'i', 'ii', 'i, ii', 'None', 1),
(127, 'What is the output?\ninterface A    {\n    default void m()    {   System.out.println(&quot;a&quot;);    }\n}\ninterface AA    {\n    default void m()    {   System.out.println(&quot;aa&quot;);    }\n}\ninterface AAA extends A, AA    {\n    default void m()    {   \n        System.out.println(&quot;aaa&quot;);    \n        A.super.m();\n        AA.super.m();\n    }\n}\npublic class B implements AAA {\n    public static void main(String args[])  {\n        B b=new B();\n        b.m();\n    }\n}', 'a\r\naa\r\naaa', 'aa\r\naaa\r\na', 'aaa\r\na\r\naa', 'aaa\r\naa\r\na', 3),
(128, 'Private methods in an interface from JDK 9 can be \r\ni. abstract\r\nii. static\r\niii. instance\r\nThey can be called from \r\na. default method from the same interface\r\nb. private method from the same interface\r\nc. abstract method from the same interface', 'i, ii, b, a', 'ii, iii, c, b', 'ii, a', 'ii, iii, a , b', 4),
(129, 'How to run a java program using packages?', 'Setting CLASSPATH', 'Using -classpath', 'Both of them', 'None of them', 3),
(130, 'What is the output of the following?\nclass BD	{\n	String name, gender;\n	int age;\n	boolean smart;\n	BD(String name, int age, String gender, boolean smart)	{\n		this.name=name;\n		this.age=age;\n		this.gender=gender;\n		this.smart=smart;\n	}\n	public String toString()	{\n		return name+&quot;.\\\\nAge &quot;+age+&quot;.\\\\nA &quot;+(smart?&quot;smart &quot;:&quot;&quot;)+gender+&quot;.&quot;;\n	}\n	public static void main(String args[])	{\n		System.out.println(new BD(&quot;Nani&quot;, 14, &quot;male&quot;, true));\n	}\n}', 'BD@43556938', 'Nani.\r\nAge 14.\r\nA smart male.', 'Error', 'None of these', 2),
(131, 'How are objects represented are strings?', 'valueOf()', 'valueOf() which in turn calls toString()', 'toString()', 'toString() which inturn calls valueOf()', 2),
(132, 'How are primitive types represented as strings?', 'valueOf()', 'valueOf() which in turn calls toString()', 'toString()', 'toString() which inturn calls valueOf()', 1),
(133, 'What is the output of the following?\r\nclass A	{\r\n	public static void main(String args[])	{\r\n		String c1=&quot;Crimson&quot;, c2=&quot;Crimson&quot;;\r\n		System.out.println((c1==c2?&quot;Yes&quot;:&quot;No&quot;));\r\n		String c3=new String(c1);\r\n		System.out.println((c1==c3?&quot;Yes&quot;:&quot;No&quot;));\r\n	}\r\n}', 'Yes\r\nYes', 'Yes\r\nNo', 'No\r\nYes', 'No\r\nNo', 2),
(134, 'What is the output of the following program?\r\nclass A	{\r\n	public static void main(String args[])	{\r\n		String c1=&quot;Crimson&quot;, c2=&quot;Crimson&quot;;\r\n		System.out.println((c1.equals(c2)?&quot;Yes&quot;:&quot;No&quot;));\r\n		String c3=new String(c1);\r\n		System.out.println((c1.equals(c3)?&quot;Yes&quot;:&quot;No&quot;));\r\n	}\r\n}', 'Yes\r\nYes', 'Yes\r\nNo', 'No\r\nYes', 'No\r\nNo', 1),
(135, 'What is the output?\r\nclass A	{\r\n	public static void main(String args[])	{\r\n		String c1=&quot;Crimson&quot;, c2=&quot;Crimson&quot;;\r\n		System.out.println(c1.hashCode()+&quot; &quot;+c2.hashCode());\r\n		String c3=new String(c1), c4=&quot;Crimson&quot;;\r\n		System.out.println(c3.hashCode()+&quot; &quot;+c4.hashCode());\r\n	}\r\n}', '-1597708609 -1597708609\r\n-1597708610 -1597708609', '-1597708609 -1597708609\r\n-1597708610 -1597708610', '-1597708609 -1597708610\r\n-1597708611 -1597708612', '-1597708609 -1597708609\r\n-1597708609 -1597708609', 4),
(136, 'What is the output of the below program?\r\nclass A	{\r\n	public static void main(String args[])	{\r\n		StringBuffer b=new StringBuffer(&quot;12345&quot;);\r\n		System.out.println(b.length()+&quot; &quot;+b.capacity());\r\n		b.append(&quot;12345678901236&quot;);\r\n		System.out.println(b.length()+&quot; &quot;+b.capacity());\r\n		b.append(&quot;123456789012345678901234585214&quot;);\r\n		System.out.println(b.length()+&quot; &quot;+b.capacity());\r\n		b.append(&quot;012345&quot;);\r\n		System.out.println(b.length()+&quot; &quot;+b.capacity());\r\n	}\r\n}', '5 16\r\n19 19\r\n49 49\r\n55 100', '5 21\r\n19 21\r\n48 48\r\n56 96', '5 21\r\n19 21\r\n49 49\r\n55 100', 'None of these', 3),
(137, 'For how many characters does StringBuffer\'s default constructor make room for without reallocation?', '15', '16', '17', '18', 2),
(138, 'a. Collection is a generic interface\r\nb. Collection extends Iterable interface\r\nWhich of the above statements are true?', 'a, b', 'a', 'b', 'None', 1),
(139, 'Optional methods enable you to modify the contents of a collection.\r\nA : Collections that support these methods.\r\nB : Collections that do not allow their contents to be changed.\r\nWhat are A and B?', 'A and B : Modifiable', 'A : Modifiable\r\nB : Unmodifiable', 'A : Unmodifiable\r\nB : Modifiable', 'A and B : Unmodifiable', 2),
(140, 'Which of the following are not case-sensitive in PHP?\ni. Classes\nii. Functions\niii. Variables', 'i, ii', 'ii, iii', 'iii, i', 'i, ii, iii', 1),
(141, 'Which of the following are the types of variable scopes in PHP?\ni. local\nii. global\niii. static', 'i, ii', 'ii, iii', 'iii, i', 'i, ii, iii', 4),
(142, '&lt;?php \n$a=0;\nfunction f()    {\n    echo $a+5/10;\n}\nf();\n?&gt;\nWhat is the output?', '0.5', 'error', '0.5\nerror', 'error\n0.5', 4),
(143, 'What is the output?\r\n&lt;?php \r\n$a=0;\r\nfunction f()    {\r\n    global $a;\r\n    $a+=5/10;\r\n}\r\nf();\r\necho $a;\r\n?&gt;', '0', '0.5', 'Error', 'None of these', 2),
(144, 'What is the output of the following?\r\n&lt;?php \r\n$a=10/29;\r\nfunction f()    {\r\n    global $y;\r\n    $y=5/10+5;\r\n}\r\nf();\r\necho $a+$y;\r\n?&gt;', '5', '5.8448275862069', '0.8448275862069', '0\r\nError', 2),
(145, 'Which of the following can be used to declare global variables in functions in PHP?\r\ni. global keyword\r\nii. $GLOBALS\r\niii. $_GLOBALS\r\niv. globals keyword', 'i, ii', 'i, iii', 'iv, ii', 'iv, iii', 1),
(146, 'What is the output of the following program?\r\n&lt;?php\r\nfunction f($a)    {\r\n    static $x=0;\r\n    $y=0;\r\n    $x+=$a;\r\n    $y+=$a;\r\n    echo $x, &quot; &quot;, $y, &quot;&lt;br /&gt;&quot;;\r\n}\r\nf(10);\r\nf(20);\r\nf(30);\r\n?&gt;', '10 10\r\n30 20\r\n60 30', '10 10\r\n20 20\r\n30 30', '10 10\r\n30 30\r\n60 60', '10 10\r\n20 30\r\n30 60', 1),
(147, 'What is the output?\r\n&lt;?php\r\nfunction f($a)    {\r\n    static $x=0;\r\n    $x+=$a;\r\n}\r\nf(10);\r\necho $x;\r\n?&gt;', '10', '0', 'NaN', 'Error', 4),
(148, 'A : No return value.\r\nB : Return value of 1.\r\nWhat are A and B?', 'echo print_r', 'echo print', 'print_r echo', 'None of these', 2),
(149, 'What is the output for the following code in PHP 7 and PHP 5.4?\r\n&lt;script language=&quot;php&quot;&gt;\r\n        echo \'some editors (like FrontPage) don\\\'t like processing instructions within these tags\';\r\n &lt;/script&gt;', '7 : some editors (like FrontPage) don\'t like processing instructions within these tags\r\n5.4 : some editors (like FrontPage) don\'t like processing instructions within these tags', '7 : some editors (like FrontPage) don\'t like processing instructions within these tags\r\n5.4 : (No output)', '7 : (No output)\r\n5.4 : some editors (like FrontPage) don\'t like processing instructions within these tags', '7 : (No output)\r\n5.4 : (No output)', 3),
(150, 'Which of the following can be for PHP 7.0?\r\ni. &lt;script&gt;&lt;/script&gt;\r\nii. &lt;?php ?&gt;\r\niii. &lt;? ?&gt;\r\niv. &lt;% %&gt;\r\nv. &lt;?= ?&gt;', 'i, ii, iii, iv, v', 'ii, iii, v', 'i, ii, iv', 'iv, v, ii', 2),
(151, 'How to use &lt;? ?&gt; for PHP?', 'short_open_tag', 'short_tag', 'open_tag', 'None of these', 1),
(152, 'Which of the following can be used for comments in PHP?', '//', '/* */', '#', 'All of these', 4),
(153, 'What is the output of  &lt;?php #A?&gt; ?', '(Empty)', 'Error', 'Both of them', 'None of them', 1),
(154, 'What is the output of the following?\r\n&lt;?php //B?&gt;', 'Error', '(Empty)', 'Error', 'None of them', 2),
(155, 'What is the output?\r\n&lt;?php /*?&gt;', '(Empty)', 'Warning', 'Error', 'None of these', 2),
(156, 'How many scalar, compound and special types present in PHP 7?', '4, 3, 2', '4, 4, 2', '3, 4, 2', '4, 2, 2', 2),
(157, 'What is the output of the following values which are converted into bool?\r\n&lt;?php\r\nvar_dump((bool)NULL);\r\nvar_dump((bool)[]);\r\nvar_dump((bool)&quot;0&quot;)\r\n?&gt;', 'bool(false) bool(false) bool(true)', 'bool(true) bool(false) bool(false)', 'bool(false) bool(false) bool(false)', 'bool(true) bool(true) bool(true)', 3),
(158, 'What is the output?\r\n&lt;?php\r\nvar_dump($a);\r\nvar_dump((bool)$a);\r\n?&gt;', 'Notice\r\nNULL \r\nNotice\r\nbool(false)', 'Notice\r\nNotice\r\nbool(false)', 'Notice\r\nNULL \r\nNotice\r\nbool(true)', 'NULL \r\nbool(false)', 1),
(159, 'Since which version of PHP were the binary literals available?', '3', '4', '5', '5.4', 4),
(160, 'What is the output of the following program in PHP versions prior 7 and since 7?\r\n&lt;?php\r\necho 039;\r\n?&gt;', 'Prior 7 : 3\r\nSince 7 : Parse error', 'Prior 7 : 3\r\nSince 7 : Notice', 'Prior 7 : Parse error\r\nSince 7 : 3', 'Prior 7 : 3\r\nSince 7 : 3', 1),
(161, 'What is the output?\r\n&lt;?php\r\nvar_dump(PHP_INT_MAX);\r\nvar_dump(PHP_INT_MAX+1);\r\n?&gt;', 'int(2147483647) int(2147483648)', 'int(2147483647) float(2147483648)', 'int(2147483647) int(-2147483648)', 'None of these', 2),
(162, '&lt;?php\r\nvar_dump(PHP_INT_MAX+1);\r\nvar_dump((int)(PHP_INT_MAX+1));\r\n?&gt;', 'int(2147483648) float(-2147483648)', 'int(2147483648) int(-2147483648)', 'float(2147483648) float(-2147483648)', 'float(2147483648) int(-2147483648)', 4),
(163, 'What is the output of the below code?\r\n&lt;?php\r\nvar_dump((int)NAN);\r\n?&gt;', 'Error', 'int(0)', 'int(NAN)', 'None of these', 3),
(164, '&lt;?php\r\nvar_dump((int)&quot;&quot;);\r\nvar_dump((int)&quot;10 20&quot;);\r\nvar_dump((int)[1, 2, 3]);\r\nvar_dump((int)&quot;10+20&quot;);\r\nvar_dump((int)&quot;AB&quot;);\r\n?&gt;\r\nWhat\'s the result of this program?', 'int(0) int(10) int(1) int(10) int(0)', 'int(0) int(0) int(1) int(30) int(NAN)', 'int(0) int(10) int(1) int(30) int(0)', 'int(0) int(0) int(1) int(0) int(0)', 1),
(165, 'What is the value of the following statement?\r\nvar_dump((bool)NAN);', 'FALSE', 'TRUE', '1', '(Empty)', 2),
(166, 'PHP support ____ charset?', 'ASCII', 'Unicode', '256- character set', 'None of these', 3),
(167, '&lt;?php\r\necho &lt;&lt;&lt;A\r\n&quot;Whatcha doin\'&quot;, said Nani.\r\nA;\r\n?&gt;\r\nIn which way is the above string specified?', 'Double quoted strings', 'Heredoc strings', 'Nowdoc strings', 'None of them', 2),
(168, 'What is the output of the following?\r\n&lt;?php\r\necho &lt;&lt;&lt;A\r\n&quot;Whatcha doin\'&quot;, \r\nsaid Nani.\r\nA;\r\n?&gt;', '&quot;Whatcha doin\'&quot;, said Nani.', '&quot;Whatcha doin\'&quot;, \r\nsaid Nani.', '\\\\&quot;Whatcha doin\\\\\'\\\\&quot;, said Nani.', 'None of them', 1),
(169, 'What is the output of the following?\r\n&lt;?php\r\necho &lt;&lt;&lt;&quot;A&quot;\r\n&quot;Whatcha doin\'&quot;,\r\nsaid Nani.\r\n    A;\r\n?&gt;', '&quot;Whatcha doin\'&quot;,\r\nsaid Nani.', '&quot;Whatcha doin\'&quot;,\r\nsaid Nani.\r\nError', 'Parse error', 'None of them', 3),
(170, 'Heredoc behaves like a ____ string?', 'double-quoted string with double quotes', 'double-quoted string without double quotes', 'single-quoted string with single quotes', 'single-quoted string without single quotes', 2),
(171, '&lt;?php\r\necho &lt;&lt;&lt;&quot;A&quot;\r\n\\\\\r\nA;\r\necho &quot;&lt;br /&gt;&quot;;\r\necho &lt;&lt;&lt;\'B\'\r\n\\\\\r\nB;\r\n?&gt;\r\nWhat is the output?', '\\\\\\\\\r\n\\\\\\\\', '\\\\\\\\\\\\', '\\\\\\\\\r\n\\\\', '\\\\\r\n\\\\\\\\', 4),
(172, 'What is PHP_EOL?', 'Line break', 'Form feed', 'Vertical tab', 'Carriage return', 1),
(173, 'echo &quot;$name is a person. &quot;;\r\necho &quot;${pronoun}\'s in his 10\'s. &quot;;\r\necho &quot;$color[4] $person[name] $person-&gt;gender&quot;;\r\n\r\nDoes this program produce an error?', 'Error at line 2', 'Error at line 3', 'Error at line 1', 'No error', 4),
(174, 'Which of the following is also known as parsing errors in Python?', 'Type errors', 'Syntax errors', 'Exceptions', 'ZeroDivisionError', 2),
(175, '&gt;&gt;&gt; try:\r\n	n=int(input(&quot;n : &quot;))\r\n	n=100/n;\r\n	print(n)\r\nexcept ValueError:\r\n	print(\'ValueError\')\r\nexcept ZeroDivisionError:\r\n	print(\'ZeroDivisionError\')\r\n\r\nInput :\r\nn : \'0\'\r\nWhat is the output?', '0', 'ZeroDivisionError', 'Error', 'ValueError', 4),
(176, 'What is the output of the following?\r\n&gt;&gt;&gt; try:\r\n	n=int(input(&quot;n : &quot;))\r\n	print(n)\r\n	except ValueError:\r\n		print(\'ValueError\')\r\nInput :\r\nn : 10', '10', '\'10\'', 'ValueError', 'SyntaxError', 4),
(177, '&gt;&gt;&gt; class A(Exception):\r\n	pass\r\n&gt;&gt;&gt; class B(A):\r\n	pass\r\n&gt;&gt;&gt; class C(A):\r\n	pass\r\n&gt;&gt;&gt; for c in [A, B, C]:\r\n	try:\r\n		raise c()\r\n	except A:\r\n		print(1)\r\n	except B:\r\n		print(2)\r\n	except C:\r\n		print(3)\r\nWhat\'s the output?', '1\r\n2\r\n3', '3\r\n2\r\n1', '1\r\n1\r\n1', '3\r\n3\r\n3', 3),
(178, '&gt;&gt;&gt; class A(Exception):\r\n	pass\r\n&gt;&gt;&gt; class B(A):\r\n	pass\r\n&gt;&gt;&gt; class C(A):\r\n	pass\r\n&gt;&gt;&gt; for c in [A, B, C]:\r\n	try:\r\n		raise c()\r\n	except C:\r\n		print(1)\r\n	except B:\r\n		print(2)\r\n	except A:\r\n		print(3)\r\nWhat is the output?', '1\r\n2\r\n3', '3\r\n2\r\n1', '1\r\n1\r\n1', '3\r\n3\r\n3', 2);
INSERT INTO `questions` (`QuesID`, `Question`, `Opt1`, `Opt2`, `Opt3`, `Opt4`, `Ans`) VALUES
(179, 'When is else block executed in the following program?\r\n&gt;&gt;&gt; try:\r\n	n=int(input(&quot;n : &quot;))\r\n	print(n)\r\nexcept ZeroDivisionError:\r\n		print(\'ValueError\')\r\nelse:\r\n	print(&quot;:/&quot;)\r\nIs it executed for \r\ni. input n=2\r\nii. input=A?', 'Yes\r\nYes', 'Yes\r\nNo', 'No\r\nYes', 'No\r\nNo', 2),
(180, '&gt;&gt;&gt; try:\r\n	n=int(input(&quot;n : &quot;))\r\n	print(n)\r\nexcept ZeroDivisionError:\r\n		print(\'ValueError\')\r\nexcept:\r\n	print(&quot;:/&quot;)\r\nWhat is the output for n=10A?', ':/', '10', '10A', 'None of these', 1),
(181, '&gt;&gt;&gt; try:\r\n	n=int(input(&quot;n : &quot;))\r\n	print(n)\r\nexcept ZeroDivisionError:\r\n		print(\'ValueError\')\r\nexcept:\r\n	print(&quot;:/&quot;)\r\n	raise\r\nWhat is the output for n : Scar?', 'ValueError', ':/', ':/\r\n(Error message)', '(Error message)', 3),
(182, '&gt;&gt;&gt; try:\r\n	raise Exception(\'Sorry!\')\r\nexcept Exception as e:\r\n	print(e)\r\n	print(e.args)\r\nWhat is the output?', '\'Sorry!\'\r\n(\'Sorry!\',)', 'Sorry!\r\n(\'Sorry!\')', 'Sorry!\r\n[\'Sorry!\']', 'Sorry!\r\n(\'Sorry!\',)', 4),
(183, 'Which of the following are optional in exception handling in Python?\r\ni. try\r\nii. except\r\niii. else\r\niv. finally', 'i, ii', 'ii, iii', 'iii, iv', 'ii, iii, iv', 4),
(184, 'Which of the following does produce an error?\r\ni. try{\r\n            System.out.println(10/0);\r\n        }catch(Exception e) {\r\n            System.out.println(e);\r\n        }\r\nii. try\r\n            System.out.println(10/0);\r\n    catch(Exception e) {\r\n            System.out.println(e);\r\n        }\r\niii. try\r\n            System.out.println(10/0);\r\n     catch(Exception e) \r\n            System.out.println(e);\r\niv. try{\r\n            System.out.println(10/0);\r\n        }catch(Exception e) \r\n            System.out.println(e);', 'i, ii, iii', 'ii, iii, iv', 'i, iii, iv', 'i, ii, iv', 2),
(185, 'What is the output of the following?\r\npublic class C  {\r\n    public static void main(String []args)  {\r\n        try{\r\n            System.out.println(10/0);\r\n        }\r\n        catch(Exception e) {\r\n            System.out.println(e);\r\n        }\r\n        catch(RuntimeException e)   {\r\n            System.out.println(e);\r\n        }\r\n    }\r\n}', 'Infinity', 'Exception', 'RuntimeException', 'Error', 4),
(186, 'What is the output?\r\npublic class C  {\r\n    public static void main(String []args)  {\r\n        try{\r\n            throw new Exception();\r\n        }\r\n        catch(RuntimeException e) {\r\n            e.printStackTrace();\r\n        }\r\n    }\r\n}', 'java.lang.Exception\r\n	at C.main(C.java:4)', 'java.lang.RuntimeException\r\n	at C.main(C.java:4)', 'Error', 'None of these', 3),
(187, 'public class C  {\r\n    public static void main(String []args)  {\r\n        try{\r\n            System.out.println(&quot;A&quot;);\r\n            throw new Exception();\r\n            System.out.println(&quot;B&quot;);\r\n        }\r\n        catch(Exception e) {\r\n            System.out.println(&quot;C&quot;);\r\n        }\r\n    }\r\n}\r\nOutput?', 'Error', 'A\r\nC', 'A\r\nB\r\nC', 'A', 1),
(188, 'Which of the following options has a correct multi-catch syntax?', 'catch(ArithmeticException | ArrayIndexOutOfBoundsException e) {}', 'catch(ArithmeticException or ArrayIndexOutOfBoundsException e) {}', 'catch(ArithmeticException, ArrayIndexOutOfBoundsException e) {}', 'catch(ArithmeticException a, ArrayIndexOutOfBoundsException e) {}', 1),
(189, 'class A	{\r\n	public static void main(String args[])	{\r\n        try{}\r\n		catch(ArithmeticException | ArrayIndexOutOfBoundsException e) {\r\n			System.out.println((e=new ArithmeticException()));\r\n		}\r\n	}\r\n}\r\nWhat is the output?', 'ArithmeticException', '(Empty)', 'Syntax error', 'Error. e is declared final.', 4),
(190, 'How to view the current thread in Java?', 'new Thread().currentthread()', 'new Thread().currentThread()', 'Thread.currentThread()', 'Thread.currentthread()', 3),
(191, 'What is the output if the following is entered in python shell?\r\n&gt;&gt;&gt; __name__', '\'__main__\'', '__main__', '__noname__', '\'__noname__\'', 1),
(192, 'What is the output of the following if it\'s entered in the python shell?\r\n&gt;&gt;&gt; __name__=\'Namy\'\r\n&gt;&gt;&gt; __name__', '\'__main__\'', '__main__', '\'Namy\'', 'Namy', 3),
(193, 'Which of the following are correct import statement variants?\r\ni. from x import x1, x2\r\nii. from x import *\r\niii. import x as X\r\niv. from x import x1 as y', 'i, ii', 'ii, iii', 'i, ii, iii', 'i, ii, iii, iv', 4),
(194, 'File P.py -&gt;\r\nif __name__==&quot;__main__&quot;:\r\n       print(&quot;Hai&quot;)\r\nelse:\r\n       print(&quot;Who are you?&quot;)\r\nPython shell -&gt;\r\n&gt;&gt;&gt; \r\n==================== RESTART: C:/Users/home/Desktop/P.py ====================\r\n&gt;&gt;&gt; import P\r\nWhat is the output?', 'Hai', 'Hai\r\nWho are you?', 'Hai\r\nHai', 'Who are you?', 2),
(195, 'What is the order for module search path?\r\ni. Build-in module with that name\r\nii. In a list of directories given by variable sys.path\r\niii. In a list of directories given by variable path.sys', 'i, ii', 'ii, iii', 'iii, i', 'i, ii, iii', 1),
(196, 'Which of the following aren\'t shown by dir()?\r\ni. Built-in functions\r\nii. Module functions\r\niii. Built-in variables\r\niv. Module variables', 'i, ii', 'ii, iii', 'i, iii', 'ii, iv', 3),
(197, 'What is the output?\r\n&gt;&gt;&gt; class A:\r\n	x=10\r\n	def __init__(self, y):\r\n		self.y=y\r\n&gt;&gt;&gt; a1=A(10)\r\n&gt;&gt;&gt; print(a1.x, a1.y)\r\n&gt;&gt;&gt; a2=A(20)\r\n&gt;&gt;&gt; print(a2.x, a2.y)', '10 10\r\n10 10', '10 10\r\n20 20', '10 20\r\n10 10', '10 10\r\n10 20', 4),
(198, 'For which of the following functions, AttributeError is raised when name indicates an attribute which does not exist in that object?\r\ni. getattr(obj, name)\r\nii. setattr(obj, name, value)\r\niii. delattr(obj, name)', 'i, ii', 'ii, iii', 'iii, i', 'i, ii, iii', 3),
(199, 'If A is a class and a1 is an object of A, for which of the following exception is raised?\r\ni. &gt;&gt;&gt; a1.__dict__\r\nii. &gt;&gt;&gt; A.__dict__', 'i, ii', 'ii', 'i', 'None of them', 4),
(200, 'If A is a class and a1 is an object of A, for which of the following exception is raised?\r\ni. &gt;&gt;&gt; a1.__module__\r\nii. &gt;&gt;&gt; A.__module__', 'i', 'ii', 'i, ii', 'None of them', 4),
(201, 'If A is a class and a1 is an object of A, for which of the following exception is raised?\r\ni. &gt;&gt;&gt; a1.__name__\r\nii. &gt;&gt;&gt; A.__name__', 'i', 'ii', 'i, ii', 'None of them', 1),
(202, 'If A is a class and a1 is an object of A, for which of the following exception is raised?\r\ni. &gt;&gt;&gt; a1.__doc__\r\nii. &gt;&gt;&gt; A.__doc__', 'i, ii', 'None of them', 'i', 'ii', 2),
(203, 'If A is a class and a1 is an object of A, for which of the following exception is raised?\r\ni. &gt;&gt;&gt; a1.__bases__\r\nii. &gt;&gt;&gt; A.__bases__', 'ii', 'i', 'Both of them', 'None of them', 2),
(204, '&gt;&gt;&gt; class A:\r\n	__a=10\r\n&gt;&gt;&gt; A._A__a\r\n&gt;&gt;&gt; A.__a\r\nWhat is the output?', '10\r\n10', 'Error\r\nError', '10\r\nError', 'Error\r\n10', 3),
(205, 'What is the output of the following?\r\nclass Node&lt;T&gt;   {\r\n    T data;\r\n    Node next;\r\n    Node(T d)  {\r\n        data=d;\r\n    }\r\n    public String toString()    {\r\n        return data+&quot; | &quot;+next;\r\n    }\r\n}\r\npublic class C {\r\n    public static void main(String args[])  {\r\n        Node&lt;Integer&gt; n=new Node&lt;Integer&gt;(10);\r\n        Node&lt;String&gt; m=new Node&lt;String&gt;(&quot;Hey~&quot;);\r\n        n.next=m;\r\n        System.out.println(n);\r\n        System.out.println(m);\r\n    }\r\n}', '10 | null\r\nHey~ | null', '10 | Hey~ | null\r\nHey~ | null', '10 | Hey~\r\nHey~ | null', 'Compile Time Error', 2),
(206, 'Which one of the following is correctly paired?', '&lt;T extends subclass&gt;, upper bound\r\n&lt;T super superclass&gt;, lower bound', '&lt;T extends superclass&gt;, upper bound\r\n&lt;T super superclass&gt;, lower bound', '&lt;T extends subclass&gt;, upper bound\r\n&lt;T super subclass&gt;, lower bound', '&lt;T extends superclass&gt;, upper bound\r\n&lt;T super subclass&gt;, lower bound', 4),
(207, 'C is a generic class. Which of the following 2 methods works well when placed in class C? Datatype of v can be any.\r\ni]\r\nboolean isin(C&lt;T&gt; v)    {\r\n    // Some code\r\n}\r\nii]\r\nboolean isin(C&lt;?&gt; v)    {\r\n    //Some code\r\n}', 'i', 'ii', 'i, ii', 'None of them', 2),
(208, 'Which of the following is the correct syntax to create a generic method?', '&lt;type-param-list&gt; return-type method-name(param-list) {}', 'return-type&lt;type-param-list&gt; method-name(param-list) {}', 'return-type method-name&lt;type-param-list&gt;(param-list) {}', 'Any of them', 1),
(209, 'Which of the following is wrong?\r\ni. class C&lt;T extends Number&gt; implements I&lt;T&gt;\r\nii. class C implements I&lt;T&gt;\r\niii. class C&lt;T extends Number&gt; implements I&lt;T extends Number&gt;\r\niv. class C implements I&lt;Integer&gt;', 'i, ii', 'ii, iii', 'iii, iv', 'iv, i', 2),
(210, 'What is the output?\r\npublic class C&lt;T&gt;  {\r\n    T v;\r\n    C() {\r\n        System.out.println(this instanceof C&lt;?&gt;);\r\n        System.out.println(this instanceof C&lt;Integer&gt;);\r\n    }\r\n    public static void main(String args[])  {\r\n        C&lt;Integer&gt; c=new C&lt;Integer&gt;();\r\n    }\r\n}', 'true\r\ntrue', 'false\r\ntrue', 'Error at line ....this instanceof C&lt;?&gt; ....', 'Error at line ....this instanceof C&lt;Integer&gt; ....', 4),
(211, 'Choose the correct statements.\r\ni. Wildcard - &lt;&gt;\r\nii. Wildcard - ?\r\niii. Diamond operator - ?\r\niv. Diamond operator - &lt;&gt;', 'i, iii', 'ii, iv', 'i, ii', 'iii, iv', 2),
(212, 'class Sup&lt;T&gt;  {\r\n    T v;\r\n	T m()	{	return v; }\r\n}\r\nclass Sub extends Sup&lt;String&gt;	{\r\n	String m()	{	return v; }\r\n}\r\n&gt; javac Sub.java\r\n&gt;javap Sub', 'Compiled from &quot;Sub.java&quot;\r\nclass Sub extends Sup&lt;java.lang.String&gt; {\r\n  Sub();\r\n  java.lang.String m();\r\n  java.lang.Object m();\r\n}', 'Compiled from &quot;Sub.java&quot;\r\nclass Sub extends Sup&lt;java.lang.String&gt; {\r\n  Sub();\r\n  java.lang.String m();\r\n}', 'Compiled from &quot;Sub.java&quot;\r\nclass Sub extends Sup&lt;java.lang.String&gt; {\r\n  Sub();\r\n  java.lang.Object m();\r\n}', 'Compiled from &quot;Sub.java&quot;\r\nclass Sub extends Sup&lt;java.lang.String&gt; {\r\n  Sub();\r\n}', 1),
(213, '&gt;&gt;&gt; class A:\r\n	def M1(self):\r\n		print(\'Method\')\r\n	def M2():\r\n		print(\'Function\')\r\nWhich of the following statements does not produce error?\r\ni. &gt;&gt;&gt; A().M1()\r\nii. &gt;&gt;&gt; A().M2()\r\niii. &gt;&gt;&gt; A.M2()', 'i, ii', 'ii, iii', 'iii, i', 'i, ii, iii', 3),
(214, '&gt;&gt;&gt; class A:\r\n	def M1(self):\r\n		print(\'Method\')\r\nWhich of the following statements are correct?\r\ni. A().M1()\r\nii. A.M1(A())', 'i', 'ii', 'Both of them', 'None of them', 3),
(215, 'Which of the following is not a compilation flag in python?', 'G', 'M', 'X', 'S', 1),
(216, 'What is the output?\r\n&gt;&gt;&gt; re.match(r\'.+?\', \'A\\\\nB\\\\nC\', re.S)\r\n&gt;&gt;&gt; re.match(r\'.+\', \'A\\\\nB\\\\nC\', re.S)', '&lt;_sre.SRE_Match object; span=(0, 1), match=\'A\\\\nB\\\\nC\'&gt;\r\n&lt;_sre.SRE_Match object; span=(0, 5), match=\'A\\\\nB\\\\nC\'&gt;', '&lt;_sre.SRE_Match object; span=(0, 1), match=\'A\'&gt;\r\n&lt;_sre.SRE_Match object; span=(0, 5), match=\'A\\\\nB\\\\nC\'&gt;', '&lt;_sre.SRE_Match object; span=(0, 1), match=\'A\'&gt;\r\n&lt;_sre.SRE_Match object; span=(0, 1), match=\'A\'&gt;', '&lt;_sre.SRE_Match object; span=(0, 5), match=\'A\\\\nB\\\\nC\'&gt;\r\n&lt;_sre.SRE_Match object; span=(0, 5), match=\'A\\\\nB\\\\nC\'&gt;', 2),
(217, 'Java classes which supports regular expressions are', 'Pattern, Match', 'RegularExpression, Matcher', 'RegularExpression, Match', 'Pattern, Matcher', 4),
(218, '&gt;&gt;&gt; count=0\r\n&gt;&gt;&gt; def increaseCount():\r\n	count+=1\r\n	print(count)	\r\n&gt;&gt;&gt; increaseCount()\r\n&gt;&gt;&gt; print(count)\r\nWhat is the output of the above code?', '1', '0', '&lt;Some error&gt;\r\n1', '&lt;Some error&gt;\r\n0', 4),
(219, '&gt;&gt;&gt; c=10\r\n&gt;&gt;&gt; def f():\r\n	print(c)\r\n	c=5\r\n&gt;&gt;&gt; f()\r\n&gt;&gt;&gt; print(c)\r\nWhat is the output?', '10\r\n5', '10\r\n10', 'Error\r\n10', '10\r\nError', 3),
(220, '&gt;&gt;&gt; d={1:1, 2:4, 3:9}\r\n&gt;&gt;&gt; # What should come here?\r\n1 1\r\n2 4\r\n3 9', '&gt;&gt;&gt; for k, v in d:\r\n	print(k, v)', '&gt;&gt;&gt; for k:v in d:\r\n	print(k, v)', '&gt;&gt;&gt; for k:v in d.items():\r\n	print(k, v)', '&gt;&gt;&gt; for k, v in d.items():\r\n	print(k, v)', 4),
(221, 'public class C {\r\n    public static void main(String []args)  {\r\n        Brush b=Brush.mm3;\r\n        m1(b);\r\n        m2(b);\r\n    }\r\n    static void m1(Brush b) {\r\n        if(b==mm3)\r\n            System.out.println(b);\r\n    }\r\n    static void m2(Brush b) {\r\n        switch(b)   {\r\n            case mm1:\r\n                System.out.println(mm1);\r\n            case mm3:\r\n                System.out.println(mm3);\r\n        }\r\n    }\r\n}\r\nenum Brush    {\r\n    mm1, mm2, mm3, mm5, cm1, cm5, cm10\r\n}\r\nWhich functions among m1 and m2 produce error?', 'm1 and m2', 'm1', 'm2', 'None of them', 1),
(222, 'An enumeration constant is implicitly declared as', 'final static', 'public final', 'public static', 'public final static', 4),
(223, 'public class C {\r\n    public static void main(String []args)  {\r\n        Brush b=Brush.mm3, b2=Brush.cm10;\r\n        System.out.println(b);\r\n    }\r\n}\r\nenum Brush    {\r\n    mm1(0.1), mm2(0.2), mm3(0.3), mm5(0.5), cm1(1), cm5(5), cm10(10);\r\n    double incms;\r\n    Brush(double incms) {\r\n        this.incms=incms;\r\n        System.out.println(&quot;Brush size : &quot;+incms);\r\n    }\r\n}\r\nWhat is the output?', 'Brush size : 0.3\r\nBrush size : 10.0\r\nmm3', 'Brush size : 0.3\r\nmm3', 'Brush size : 0.1\r\nBrush size : 0.2\r\nBrush size : 0.3\r\nBrush size : 0.5\r\nBrush size : 1.0\r\nBrush size : 5.0\r\nBrush size : 10.0\r\nmm3', 'Brush size : 0.1\r\nBrush size : 0.2\r\nBrush size : 0.3\r\nBrush size : 0.5\r\nBrush size : 1.0\r\nBrush size : 5.0\r\nBrush size : 10.0\r\nmm3\r\ncm10', 3),
(224, 'Which of the following statements are true?\r\ni. enum can\'t be extended.\r\nii. enum can be a super class.\r\niii. All enumerations does not inherit any class.', 'i', 'i, ii', 'iii', 'iii, i', 1),
(225, 'Package in which Enum class resides is', 'java.io', 'java.lang', 'java.enum', 'java.enumerations', 2),
(226, 'public class C {\r\n    public static void main(String []args)  {\r\n        Brush b=Brush.mm2;\r\n        System.out.println(b instanceof Object);\r\n        System.out.println(b instanceof Enum);\r\n    }\r\n}\r\nenum Brush    {\r\n    mm1, mm2, mm3, mm5, cm1, cm5, cm10\r\n}\r\nWhat is the output?', 'true\r\ntrue', 'true\r\nfalse', 'false\r\ntrue', 'false\r\nfalse', 1),
(227, 'public class C {\r\n    public static void main(String []args)  {\r\n        Brush b1=Brush.mm2;\r\n        BrushMM b2=BrushMM.mm2;\r\n        System.out.println(b1.equals(b2));\r\n        System.out.println(b1.toString().equals(b2.toString()));\r\n    }\r\n}\r\nenum Brush    {\r\n    mm1, mm2, mm3, mm5, cm1, cm5, cm10\r\n}\r\nenum BrushMM {\r\n    mm1, mm2, mm3, mm5\r\n}\r\nWhat is the output?', 'true\r\ntrue', 'true\r\nfalse', 'false\r\ntrue', 'false\r\nfalse', 3),
(228, 'What are the 3 retention policies of annotations in java?\r\ni. CODE\r\nii. SOURCE\r\niii. CLASS\r\niv. INTERFACE\r\nv. RUNTIME\r\nvi. COMPILE TIME', 'i, ii, iii', 'ii, iv, vi', 'i, iii, v', 'ii, iii, v', 4),
(229, 'Which of the following statements are true?\r\ni. An annotation on a local variable is not retained in .class file.\r\nii. An annotation on a local variable is not retained in .java file.\r\niii. Default policy is SOURCE.\r\niv. Default policy is CLASS.', 'i, iii', 'ii, iv', 'i, iv', 'ii, iii', 3),
(230, 'import java.lang.annotation.*;\r\nimport java.lang.reflect.*;\r\npublic class C {\r\n	@Retention(RetentionPolicy.RUNTIME)\r\n	@interface P	{\r\n		String name();\r\n		int number();\r\n	}\r\n	@P(name=&quot;Sssh&quot;, number=16)\r\n    public static void main(String []args)  {\r\n        C c=new C();\r\n		Class&lt;?&gt; cl=c.getClass();\r\n		Method m=cl.getMethod(&quot;main&quot;, String.class);\r\n		P p=m.getAnnotation(P.class);\r\n		System.out.println(p);\r\n    }\r\n}\r\nDoes the exception thrown by getMethod() is run-time or compile-time?', 'Run-time', 'Compile-time', 'Does not produce an exception', 'No such method', 2),
(231, 'import java.lang.annotation.*;\r\nimport java.lang.reflect.*;\r\n\r\n@Retention(RetentionPolicy.RUNTIME)\r\n@interface P	{\r\n	String name();\r\n	int number();\r\n}\r\n\r\npublic class C {	\r\n	@P(name=&quot;Sssh&quot;, number=16)\r\n	static void M()	throws Exception	{\r\n		C c=new C();\r\n		Class&lt;?&gt; cl=c.getClass();\r\n		Method m=cl.getMethod(&quot;M&quot;);\r\n		P p=m.getAnnotation(P.class);\r\n		System.out.println(p);\r\n	}\r\n    public static void main(String []args) throws Exception  {\r\n        M();\r\n    }\r\n}\r\nWhat is the output?', '@P(name=&quot;Sssh&quot;, number=16)', '@P (\r\n      name=&quot;Sssh&quot;, \r\n      number=16)', 'P', 'Compile-time exception', 4),
(232, 'import java.lang.annotation.*;\r\nimport java.lang.reflect.*;\r\n@Retention(RetentionPolicy.RUNTIME)\r\n@interface P	{\r\n	String name();\r\n	int number();\r\n}\r\npublic class C {	\r\n	@P(name=&quot;Sssh&quot;, number=16)\r\n    public static void main(String []args) throws Exception  {\r\n        C c=new C();\r\n		Class&lt;?&gt; cl=c.getClass();\r\n		Method m=cl.getMethod(&quot;main&quot;, X.class);\r\n		P p=m.getAnnotation(P.class);\r\n		System.out.println(p);\r\n    }\r\n}\r\nIn line &quot;Method m.....X.class);&quot;, which of the following must be in place of X to obtain output?', 'String.class', 'String[].class', 'String....class', 'That parameter must not be passed', 2),
(233, 'getAnnotations() can be called upon', 'Class', 'Method, Constructor', 'Field', 'All of them', 4),
(234, 'Which of the following is the correct way to give annotation members a default value?', '@interface P	{\r\n	String name()=&quot;Zu&quot;;\r\n	int number()=10;\r\n}', '@interface P	{\r\n	String name() default &quot;Zu&quot;;\r\n	int number() default 10;\r\n}', '@interface P	{\r\n	default String name()=&quot;Zu&quot;;\r\n	default int number()=10;\r\n}', 'Default values can\'t be given to annotation members', 2),
(235, 'import java.lang.annotation.*;\r\nimport java.lang.reflect.*;\r\n@Retention(RetentionPolicy.RUNTIME)\r\n@interface P	{}\r\npublic class C {	\r\n	X\r\n    public static void main(String []args) throws Exception  {\r\n        C c=new C();\r\n		Class&lt;?&gt; cl=c.getClass();\r\n		Method m=cl.getMethod(&quot;main&quot;, String[].class);\r\n		P p=m.getAnnotation(P.class);\r\n		System.out.println(p);\r\n    }\r\n}\r\nIf X is replaced by @P and by @P(), what are the outputs?', '@P\r\n@P()', '@P\r\n@P', '@P()\r\n@P()', 'Error', 3),
(236, 'Which of the following produces an error?', '// Some code ....\r\n@Retention(RetentionPolicy.RUNTIME)\r\n@interface P	{\r\n	int value();\r\n}\r\npublic class C {	\r\n	@P(10)\r\n// ..... Some code', '// Some code ....\r\n@Retention(RetentionPolicy.RUNTIME)\r\n@interface P	{\r\n	int Value();\r\n}\r\npublic class C {	\r\n	@P(Value=10)\r\n// ..... Some code', '// Some code ....\r\n@Retention(RetentionPolicy.RUNTIME)\r\n@interface P	{\r\n	int Value();\r\n}\r\npublic class C {	\r\n	@P(10)\r\n// ..... Some code', 'Both 1 and 3', 3),
(237, 'Which of the following annotations can be used only on annotations?\r\ni. @Retention\r\nii. @Documented\r\niii. @Target\r\niv. @Inherited', 'i, ii, iii', 'ii, iii, iv', 'iii, iv, i', 'i, ii, iii, iv', 4),
(238, 'Which of the following are marker annotations (Consider it as since JDK 9)?\r\ni. @Override\r\nii. @Documented\r\niii. @Deprecated\r\niv. @SafeVarargs', 'i, ii, iii', 'i, ii, iv', 'i, iii, iv', 'i, ii, iii, iv', 2),
(239, 'Which of the following produces no error?', 'import java.lang.annotation.*;\r\nimport java.lang.reflect.*;\r\nclass P {}\r\npublic class C {\r\n	void M(C this)	{}\r\n        public static void main(String []args)  {    new C().M();	}\r\n}', 'import java.lang.annotation.*;\r\nimport java.lang.reflect.*;\r\nclass P {}\r\npublic class C {\r\n	void M(C this)	{}\r\n        public static void main(String []args)  {    new C().M(new C());	}\r\n}', 'import java.lang.annotation.*;\r\nimport java.lang.reflect.*;\r\nclass P {}\r\npublic class C {\r\n	void M(C this)	{}\r\n        public static void main(String []args)  {    M(new C());	}\r\n}', 'All the above options produce error', 1),
(240, '&gt;&gt;&gt; a=10\r\n&gt;&gt;&gt; a, a=a+3, a+5\r\n&gt;&gt;&gt; a', '10', '13', '15', '18', 3);

-- --------------------------------------------------------

--
-- Table structure for table `topics`
--

CREATE TABLE `topics` (
  `TopicID` int(11) NOT NULL,
  `TopicName` varchar(30) NOT NULL
) ENGINE=InnoDB DEFAULT CHARSET=latin1;

--
-- Dumping data for table `topics`
--

INSERT INTO `topics` (`TopicID`, `TopicName`) VALUES
(14, 'Abstraction'),
(55, 'Annotations'),
(2, 'Arrays'),
(51, 'Attributes'),
(12, 'Bitwise'),
(7, 'Blocks'),
(50, 'Builtins'),
(5, 'Classes'),
(40, 'Collections'),
(33, 'Command Line Arguments'),
(19, 'Comments'),
(31, 'Constants'),
(8, 'Constructors'),
(10, 'Datatypes'),
(24, 'Dictionaries'),
(52, 'Documentation'),
(17, 'Encapsulation'),
(56, 'Enumerations'),
(45, 'Errors'),
(46, 'Exceptions'),
(1, 'Expressions'),
(9, 'Files'),
(4, 'Functions'),
(53, 'Generics'),
(48, 'Global'),
(49, 'Import'),
(13, 'Inheritance'),
(36, 'Interfaces'),
(30, 'Keywords'),
(6, 'Lists'),
(44, 'Literals'),
(32, 'Local'),
(21, 'Loops'),
(18, 'Math Functions'),
(27, 'Methods'),
(37, 'Modifiers'),
(35, 'Modules'),
(38, 'Nested'),
(16, 'Objects'),
(11, 'Operators'),
(39, 'Packages'),
(15, 'Polymorphism'),
(29, 'Precedence'),
(20, 'Print'),
(25, 'Recursion'),
(54, 'Regular Expressions'),
(41, 'Scopes'),
(23, 'Sets'),
(28, 'Static'),
(3, 'Strings'),
(42, 'Tags'),
(47, 'Threads'),
(22, 'Tuples'),
(43, 'Type Conversions'),
(34, 'Variable Arguments'),
(26, 'Variables');

-- --------------------------------------------------------

--
-- Table structure for table `topictags`
--

CREATE TABLE `topictags` (
  `QuesID` int(11) NOT NULL,
  `TopicID` int(11) NOT NULL
) ENGINE=InnoDB DEFAULT CHARSET=latin1;

--
-- Dumping data for table `topictags`
--

INSERT INTO `topictags` (`QuesID`, `TopicID`) VALUES
(1, 4),
(2, 19),
(3, 11),
(4, 11),
(5, 3),
(5, 20),
(6, 3),
(6, 20),
(7, 3),
(7, 20),
(8, 3),
(8, 20),
(9, 3),
(9, 20),
(10, 6),
(11, 6),
(12, 3),
(13, 20),
(13, 21),
(14, 4),
(14, 10),
(15, 4),
(16, 4),
(17, 20),
(18, 3),
(18, 20),
(19, 4),
(20, 4),
(21, 4),
(22, 4),
(22, 6),
(23, 4),
(24, 3),
(24, 4),
(25, 4),
(25, 34),
(26, 3),
(26, 4),
(27, 3),
(27, 4),
(28, 10),
(29, 4),
(30, 4),
(31, 6),
(32, 6),
(33, 6),
(34, 4),
(34, 6),
(34, 21),
(35, 6),
(36, 6),
(36, 22),
(37, 22),
(38, 22),
(39, 23),
(40, 23),
(41, 11),
(41, 23),
(42, 11),
(42, 23),
(43, 6),
(43, 16),
(43, 22),
(43, 23),
(44, 24),
(45, 21),
(45, 24),
(46, 3),
(47, 3),
(47, 20),
(48, 20),
(49, 3),
(49, 20),
(49, 24),
(50, 20),
(50, 24),
(51, 3),
(51, 20),
(52, 9),
(53, 9),
(54, 9),
(54, 10),
(55, 9),
(56, 15),
(56, 27),
(57, 15),
(57, 27),
(58, 3),
(58, 15),
(58, 27),
(59, 27),
(60, 12),
(60, 25),
(60, 27),
(61, 27),
(62, 20),
(62, 27),
(63, 5),
(63, 27),
(64, 26),
(65, 8),
(65, 11),
(65, 16),
(65, 20),
(65, 27),
(66, 7),
(66, 11),
(66, 26),
(66, 27),
(66, 28),
(67, 7),
(67, 11),
(67, 26),
(67, 27),
(67, 28),
(68, 7),
(68, 11),
(68, 26),
(68, 27),
(68, 28),
(69, 7),
(69, 11),
(69, 26),
(69, 27),
(69, 28),
(70, 26),
(70, 27),
(70, 28),
(71, 29),
(72, 26),
(72, 27),
(72, 28),
(72, 30),
(73, 16),
(73, 26),
(73, 27),
(73, 28),
(74, 8),
(74, 31),
(75, 8),
(75, 28),
(75, 31),
(76, 26),
(76, 31),
(76, 32),
(77, 7),
(77, 20),
(77, 28),
(77, 31),
(78, 20),
(78, 33),
(79, 27),
(79, 34),
(80, 8),
(80, 34),
(81, 15),
(81, 34),
(82, 13),
(83, 8),
(83, 13),
(83, 20),
(83, 26),
(84, 5),
(84, 13),
(85, 8),
(85, 13),
(85, 20),
(86, 8),
(86, 13),
(86, 20),
(87, 8),
(87, 13),
(87, 20),
(88, 8),
(88, 13),
(88, 20),
(89, 8),
(89, 13),
(89, 20),
(90, 8),
(90, 13),
(90, 20),
(91, 8),
(91, 13),
(91, 20),
(92, 13),
(92, 15),
(92, 26),
(93, 15),
(94, 13),
(94, 15),
(94, 20),
(94, 26),
(94, 27),
(95, 14),
(95, 36),
(96, 8),
(96, 13),
(96, 14),
(97, 8),
(97, 13),
(97, 14),
(98, 8),
(98, 13),
(98, 14),
(98, 20),
(99, 8),
(99, 13),
(99, 14),
(99, 20),
(100, 8),
(100, 13),
(100, 14),
(100, 27),
(101, 8),
(101, 13),
(101, 14),
(101, 20),
(101, 27),
(102, 13),
(102, 15),
(102, 30),
(102, 31),
(103, 15),
(103, 27),
(104, 8),
(104, 13),
(104, 14),
(104, 37),
(105, 8),
(105, 13),
(105, 14),
(105, 37),
(106, 36),
(106, 37),
(107, 36),
(107, 37),
(108, 27),
(108, 36),
(108, 37),
(109, 5),
(109, 36),
(110, 27),
(110, 36),
(110, 37),
(111, 36),
(111, 37),
(112, 36),
(112, 38),
(113, 16),
(113, 20),
(113, 36),
(113, 38),
(114, 16),
(114, 36),
(115, 37),
(116, 26),
(116, 36),
(117, 5),
(117, 26),
(117, 36),
(118, 5),
(118, 31),
(118, 36),
(118, 38),
(119, 5),
(119, 36),
(119, 38),
(120, 13),
(120, 16),
(120, 20),
(120, 36),
(121, 5),
(121, 13),
(121, 36),
(122, 27),
(122, 36),
(123, 5),
(123, 36),
(124, 13),
(124, 27),
(124, 28),
(125, 27),
(125, 28),
(125, 36),
(126, 27),
(126, 28),
(126, 36),
(126, 37),
(127, 13),
(127, 20),
(127, 27),
(127, 36),
(128, 27),
(128, 36),
(128, 37),
(129, 39),
(130, 3),
(130, 8),
(130, 15),
(130, 16),
(130, 20),
(130, 26),
(131, 3),
(132, 3),
(133, 3),
(133, 11),
(134, 3),
(134, 11),
(135, 3),
(135, 20),
(136, 3),
(136, 20),
(137, 3),
(138, 40),
(139, 40),
(140, 4),
(140, 5),
(140, 26),
(141, 41),
(142, 4),
(142, 26),
(142, 41),
(143, 4),
(143, 26),
(143, 30),
(144, 26),
(145, 26),
(145, 30),
(146, 4),
(146, 20),
(146, 26),
(146, 28),
(147, 26),
(147, 28),
(148, 4),
(149, 20),
(149, 42),
(150, 42),
(151, 42),
(152, 19),
(153, 19),
(154, 19),
(155, 19),
(156, 10),
(157, 43),
(158, 26),
(158, 43),
(159, 44),
(160, 20),
(160, 44),
(161, 10),
(161, 44),
(162, 10),
(162, 44),
(163, 10),
(164, 43),
(165, 43),
(166, 3),
(167, 3),
(168, 3),
(168, 20),
(169, 3),
(170, 3),
(171, 3),
(171, 20),
(172, 31),
(173, 20),
(174, 45),
(175, 46),
(176, 45),
(177, 5),
(177, 20),
(177, 46),
(178, 5),
(178, 20),
(178, 46),
(179, 46),
(180, 46),
(181, 46),
(182, 46),
(183, 46),
(184, 46),
(185, 45),
(185, 46),
(186, 45),
(186, 46),
(187, 45),
(187, 46),
(188, 46),
(189, 45),
(189, 46),
(190, 47),
(191, 35),
(192, 26),
(192, 35),
(192, 48),
(193, 35),
(193, 49),
(194, 35),
(194, 49),
(195, 35),
(196, 4),
(196, 35),
(197, 5),
(197, 16),
(197, 20),
(197, 26),
(198, 4),
(198, 16),
(198, 46),
(198, 50),
(199, 5),
(199, 16),
(199, 50),
(199, 51),
(200, 5),
(200, 16),
(200, 50),
(200, 51),
(201, 5),
(201, 16),
(201, 46),
(201, 50),
(201, 51),
(202, 5),
(202, 16),
(202, 50),
(202, 51),
(202, 52),
(203, 5),
(203, 13),
(203, 16),
(203, 46),
(203, 50),
(203, 51),
(204, 5),
(204, 26),
(205, 20),
(205, 53),
(206, 30),
(206, 53),
(207, 53),
(208, 27),
(208, 53),
(209, 36),
(209, 53),
(210, 53),
(211, 53),
(212, 53),
(213, 4),
(213, 5),
(213, 27),
(214, 5),
(214, 27),
(215, 54),
(216, 54),
(217, 54),
(218, 4),
(218, 26),
(218, 48),
(219, 26),
(219, 32),
(219, 48),
(220, 21),
(220, 24),
(221, 56),
(222, 56),
(223, 56),
(224, 56),
(225, 56),
(226, 56),
(227, 56),
(228, 55),
(229, 55),
(230, 46),
(230, 55),
(231, 55),
(232, 34),
(232, 44),
(232, 55),
(233, 55),
(234, 55),
(235, 20),
(235, 55),
(236, 55),
(237, 55),
(238, 55),
(239, 16),
(239, 27),
(240, 1);

--
-- Indexes for dumped tables
--

--
-- Indexes for table `contacted`
--
ALTER TABLE `contacted`
  ADD PRIMARY KEY (`MID`);

--
-- Indexes for table `feedback`
--
ALTER TABLE `feedback`
  ADD PRIMARY KEY (`FID`);

--
-- Indexes for table `langtags`
--
ALTER TABLE `langtags`
  ADD PRIMARY KEY (`QuesID`,`LangID`),
  ADD KEY `langtags_ibfk_2` (`LangID`);

--
-- Indexes for table `languages`
--
ALTER TABLE `languages`
  ADD PRIMARY KEY (`LangID`),
  ADD UNIQUE KEY `Unique` (`LangName`);

--
-- Indexes for table `questions`
--
ALTER TABLE `questions`
  ADD PRIMARY KEY (`QuesID`);

--
-- Indexes for table `topics`
--
ALTER TABLE `topics`
  ADD PRIMARY KEY (`TopicID`),
  ADD UNIQUE KEY `Unique` (`TopicName`);

--
-- Indexes for table `topictags`
--
ALTER TABLE `topictags`
  ADD PRIMARY KEY (`QuesID`,`TopicID`),
  ADD KEY `TopicID` (`TopicID`);

--
-- AUTO_INCREMENT for dumped tables
--

--
-- AUTO_INCREMENT for table `contacted`
--
ALTER TABLE `contacted`
  MODIFY `MID` int(11) NOT NULL AUTO_INCREMENT, AUTO_INCREMENT=7;

--
-- AUTO_INCREMENT for table `feedback`
--
ALTER TABLE `feedback`
  MODIFY `FID` int(11) NOT NULL AUTO_INCREMENT, AUTO_INCREMENT=2;

--
-- AUTO_INCREMENT for table `questions`
--
ALTER TABLE `questions`
  MODIFY `QuesID` int(11) NOT NULL AUTO_INCREMENT, AUTO_INCREMENT=241;

--
-- Constraints for dumped tables
--

--
-- Constraints for table `langtags`
--
ALTER TABLE `langtags`
  ADD CONSTRAINT `langtags_ibfk_1` FOREIGN KEY (`QuesID`) REFERENCES `questions` (`QuesID`) ON DELETE CASCADE ON UPDATE CASCADE,
  ADD CONSTRAINT `langtags_ibfk_2` FOREIGN KEY (`LangID`) REFERENCES `languages` (`LangID`) ON DELETE CASCADE ON UPDATE CASCADE;

--
-- Constraints for table `topictags`
--
ALTER TABLE `topictags`
  ADD CONSTRAINT `topictags_ibfk_1` FOREIGN KEY (`QuesID`) REFERENCES `questions` (`QuesID`) ON DELETE CASCADE ON UPDATE CASCADE,
  ADD CONSTRAINT `topictags_ibfk_2` FOREIGN KEY (`TopicID`) REFERENCES `topics` (`TopicID`) ON DELETE CASCADE ON UPDATE CASCADE;
COMMIT;

/*!40101 SET CHARACTER_SET_CLIENT=@OLD_CHARACTER_SET_CLIENT */;
/*!40101 SET CHARACTER_SET_RESULTS=@OLD_CHARACTER_SET_RESULTS */;
/*!40101 SET COLLATION_CONNECTION=@OLD_COLLATION_CONNECTION */;
